Warehouse_block,Mode_of_Shipment,Customer_care_calls,Customer_rating,Cost_of_the_Product,Prior_purchases,Product_importance,Gender,Discount_offered,Weight_in_gms
F,Ship,4,5,216,3,high,M,26,2053
A,Road,3,1,220,3,low,F,6,5572
F,Flight,3,2,215,4,low,F,3,4042
D,Flight,5,1,160,5,low,F,1,4672
B,Ship,5,4,229,2,medium,F,44,2419
A,Ship,3,2,228,3,medium,F,4,4208
F,Flight,5,4,182,3,medium,F,11,3545
D,Ship,4,4,138,3,medium,F,7,1597
F,Ship,5,4,264,3,medium,M,2,5716
F,Road,4,2,133,3,medium,F,5,5950
D,Ship,4,5,216,4,medium,F,1,4458
F,Ship,4,2,197,3,low,F,6,5826
F,Ship,4,1,239,5,low,F,8,1048
B,Ship,5,1,275,5,low,M,6,1156
B,Ship,3,1,169,10,medium,F,15,1107
F,Ship,3,5,240,3,medium,F,54,2919
F,Ship,3,2,274,3,medium,F,50,3958
B,Ship,3,3,249,5,medium,F,9,1752
D,Road,5,4,244,6,low,F,10,1978
D,Flight,4,4,257,5,medium,F,4,1668
C,Ship,4,2,218,2,high,M,1,2990
F,Flight,4,1,149,3,low,M,2,4499
D,Ship,3,1,131,6,medium,M,8,5352
C,Road,4,4,185,2,medium,F,1,4729
B,Ship,5,4,252,3,medium,M,6,5221
C,Road,5,3,257,5,medium,M,8,1981
F,Ship,4,4,209,2,medium,F,3,4407
F,Ship,5,5,236,3,high,M,4,5724
D,Ship,7,2,279,4,medium,M,5,1210
F,Road,2,1,228,2,medium,M,10,4854
F,Flight,4,3,229,4,low,F,7,4829
B,Ship,4,3,163,3,low,F,10,5002
C,Flight,4,1,249,5,low,F,10,1762
A,Ship,4,1,253,3,medium,F,9,5502
D,Ship,4,4,141,2,low,M,7,1479
C,Ship,3,4,154,2,low,M,29,1016
B,Ship,3,3,265,3,medium,F,8,5070
C,Ship,6,2,254,4,low,M,4,1392
B,Road,3,2,170,2,low,M,2,4214
F,Road,3,2,257,3,medium,M,2,5486
C,Ship,5,4,254,5,low,M,10,1350
C,Flight,4,4,220,2,medium,F,33,2897
C,Flight,3,3,154,2,low,M,1,5884
D,Ship,2,3,172,3,medium,F,11,1522
A,Ship,3,2,171,3,medium,M,11,1282
F,Ship,4,1,182,2,medium,F,10,5638
C,Ship,3,3,200,3,low,M,4,3791
A,Ship,3,1,248,3,medium,M,7,5588
F,Ship,7,4,286,4,low,M,3,1262
B,Ship,4,4,149,2,medium,F,2,5881
D,Ship,5,3,186,4,medium,F,11,3676
B,Ship,4,2,227,3,medium,M,7,4041
B,Ship,4,2,266,3,medium,F,2,5252
D,Road,4,1,258,3,medium,M,2,4188
A,Flight,5,5,132,2,high,M,6,4392
A,Ship,4,1,253,5,low,F,1,1235
D,Flight,5,3,154,2,low,M,3,5440
D,Ship,2,2,188,4,medium,M,39,2424
F,Ship,2,1,285,5,low,M,4,5759
C,Flight,3,4,216,3,low,F,3,5149
A,Ship,4,3,153,2,medium,M,1,4366
D,Ship,6,3,257,4,low,F,2,1694
D,Ship,6,3,244,5,medium,F,1,1847
B,Ship,4,3,222,2,medium,M,55,3833
B,Ship,4,2,234,3,medium,M,4,3261
C,Road,3,5,237,3,low,M,4,5561
B,Ship,3,2,183,4,low,M,49,2414
F,Ship,3,4,247,3,medium,M,9,5383
D,Ship,2,3,192,3,low,M,4,5524
D,Ship,5,3,181,4,low,F,2,5332
D,Ship,3,4,209,2,high,F,5,4363
F,Ship,3,3,212,2,low,M,2,5125
F,Road,2,2,145,3,medium,F,5,6102
C,Ship,3,1,173,2,low,F,7,4684
D,Ship,3,1,167,2,low,F,8,4171
D,Flight,3,5,252,3,medium,F,8,4557
B,Road,5,4,260,3,low,M,8,4535
F,Ship,3,4,145,8,low,F,15,1429
A,Ship,5,5,145,2,medium,M,48,1834
B,Ship,3,2,188,3,medium,M,3,3837
C,Flight,3,3,192,3,high,F,4,4339
B,Flight,4,5,234,3,medium,F,10,4204
D,Ship,3,5,157,4,medium,F,2,4640
F,Ship,3,1,275,2,high,F,1,2597
F,Ship,5,1,186,10,low,M,64,2529
F,Ship,7,3,305,4,low,F,3,1872
C,Ship,3,4,180,3,low,M,2,5659
B,Ship,7,1,267,4,medium,M,9,1261
A,Ship,3,4,213,3,high,M,7,5516
F,Ship,4,3,264,5,low,F,2,1541
B,Ship,5,3,137,4,low,F,9,4754
D,Ship,3,1,190,3,medium,F,2,4312
C,Ship,6,1,141,5,low,F,9,5113
F,Road,4,1,242,2,low,F,2,5825
F,Ship,5,1,267,5,medium,F,3,1194
F,Flight,3,5,175,3,high,F,6,5150
A,Ship,4,3,118,5,low,F,15,1601
F,Flight,4,1,152,5,medium,M,8,5711
F,Flight,3,1,163,3,medium,M,59,1005
F,Ship,4,4,106,2,low,F,10,5173
F,Ship,5,5,232,7,medium,M,6,5139
F,Road,3,2,247,2,medium,M,39,3189
D,Road,4,1,227,3,low,M,5,3100
B,Ship,6,1,147,3,medium,F,5,4012
F,Ship,4,3,252,3,medium,F,10,5802
C,Road,6,1,246,4,medium,M,4,1504
D,Ship,3,3,145,3,medium,F,8,4522
F,Ship,4,3,195,4,medium,F,1,5004
F,Ship,3,1,164,2,low,M,2,1304
F,Flight,4,1,179,3,high,M,5,4129
D,Ship,3,4,98,3,low,M,5,4432
C,Ship,5,5,263,5,medium,M,2,1417
D,Ship,4,1,187,2,low,M,5,5691
B,Road,3,4,157,2,medium,M,12,1694
B,Ship,3,5,166,3,medium,F,9,5275
F,Ship,3,2,251,2,low,F,5,3443
A,Ship,4,1,195,3,medium,M,2,4682
B,Road,3,2,204,3,medium,M,48,2792
A,Ship,5,1,222,4,low,M,63,3506
C,Ship,3,5,204,2,medium,F,5,4504
F,Ship,6,4,247,4,medium,M,3,1946
F,Road,3,1,269,2,medium,M,38,2195
B,Road,4,2,219,4,low,M,8,5660
B,Ship,4,1,157,2,medium,F,7,4690
A,Ship,5,4,206,4,low,F,3,3755
C,Ship,5,1,219,5,low,M,8,1419
D,Ship,3,4,272,4,low,F,23,2048
F,Ship,3,2,197,3,medium,F,3,4491
B,Road,4,5,188,2,low,F,4,4433
A,Ship,6,3,269,2,high,M,43,2300
D,Ship,3,1,200,2,medium,M,27,2551
B,Ship,4,3,226,3,medium,M,1,5433
B,Ship,4,5,196,2,medium,F,3,5505
C,Road,5,1,227,5,low,M,7,1620
C,Road,3,2,122,4,low,F,9,5299
F,Flight,4,5,159,2,low,M,1,5671
F,Ship,5,2,243,3,high,M,2,5734
B,Ship,3,3,228,2,medium,M,27,3473
B,Ship,5,4,199,4,low,F,7,5740
F,Ship,4,1,196,4,low,F,3,5496
A,Ship,3,5,230,2,low,M,27,3840
F,Ship,3,1,174,3,low,F,9,4380
F,Ship,5,2,279,8,low,M,5,4785
F,Ship,4,2,253,5,low,M,5,1812
D,Ship,5,5,235,3,low,F,4,5325
D,Ship,6,4,112,4,medium,F,9,4005
F,Ship,6,3,223,6,medium,M,29,2980
F,Ship,3,4,190,10,medium,F,38,2018
F,Road,3,2,199,2,medium,F,7,5531
B,Ship,2,4,147,2,medium,M,3,5136
D,Ship,7,2,289,5,low,M,1,1178
F,Ship,3,2,210,3,medium,M,8,4011
F,Ship,4,5,226,5,low,F,5,4833
A,Ship,3,4,148,3,low,M,37,1523
B,Ship,3,3,240,7,medium,M,3,4385
F,Ship,3,3,137,3,medium,M,1,5490
A,Ship,3,4,100,3,medium,M,4,4191
C,Ship,5,1,261,3,low,M,25,3494
A,Ship,4,5,138,3,medium,M,23,1785
A,Flight,5,4,250,3,low,F,11,3373
D,Road,4,1,190,3,low,F,32,2774
C,Ship,4,1,151,2,low,F,47,1682
A,Road,3,1,154,2,low,F,44,1994
C,Ship,4,3,261,3,low,F,9,5994
A,Ship,3,1,255,2,medium,M,42,3459
F,Ship,3,4,270,2,low,M,39,3690
A,Road,4,3,247,3,high,F,1,5214
C,Road,5,3,256,6,medium,M,3,1441
B,Ship,7,4,291,4,high,M,4,1248
F,Ship,3,1,243,3,medium,F,2,5827
B,Road,5,5,265,3,high,F,3,5837
B,Flight,3,4,143,4,medium,M,5,5545
B,Ship,4,2,247,3,medium,M,8,4977
B,Road,5,3,203,2,low,F,37,3531
F,Ship,3,3,261,4,medium,F,4,4307
D,Road,5,2,197,5,low,F,4,4196
C,Ship,4,2,191,3,medium,F,12,3676
F,Flight,6,1,261,4,medium,M,10,1290
C,Ship,2,2,227,4,medium,M,6,4104
F,Flight,5,5,225,4,high,F,3,5274
C,Flight,3,2,274,2,medium,M,5,5161
C,Ship,4,1,193,3,low,F,3,5919
F,Ship,4,2,229,2,low,M,9,5026
A,Road,3,1,195,5,low,F,4,4034
C,Ship,3,2,183,4,medium,F,12,2777
A,Road,6,5,248,3,low,F,3,5709
C,Ship,3,4,265,2,high,F,64,2493
D,Road,3,4,144,3,medium,M,8,5867
A,Ship,5,4,221,2,low,F,59,3444
F,Ship,5,4,149,3,medium,F,44,1811
A,Ship,5,5,245,5,low,F,1,1924
D,Road,4,3,223,10,low,F,21,2943
C,Flight,4,5,221,3,low,F,6,5895
D,Ship,4,5,258,2,medium,M,6,5062
F,Ship,3,1,249,2,medium,M,9,5987
C,Ship,3,4,274,3,low,F,7,5036
C,Ship,2,4,160,5,low,F,3,1645
C,Ship,4,3,274,2,low,M,1,4762
D,Ship,6,5,268,4,medium,F,1,1248
F,Flight,4,5,228,4,low,M,4,4750
F,Ship,4,3,189,2,low,F,7,4765
B,Road,3,4,257,3,low,F,4,4883
D,Flight,3,2,192,3,medium,M,43,3339
C,Ship,3,2,204,4,medium,M,7,4768
A,Ship,4,2,136,2,medium,M,19,1387
B,Flight,3,3,223,2,medium,M,30,3622
F,Ship,2,3,235,3,low,M,57,2034
D,Flight,5,3,171,3,medium,M,62,1304
D,Ship,3,2,254,2,medium,F,2,3239
F,Ship,4,4,201,5,medium,M,3,5901
A,Road,3,5,139,2,low,M,2,5839
F,Ship,3,4,201,2,low,F,8,4394
A,Ship,4,1,153,2,low,F,1,4027
D,Ship,3,2,201,4,medium,M,10,5565
B,Ship,3,2,205,3,high,M,3,4563
B,Ship,5,1,261,5,medium,M,3,1644
F,Ship,4,1,258,3,medium,F,4,3686
C,Ship,3,2,260,4,high,F,3,4423
F,Ship,4,1,208,3,low,M,4,4530
C,Ship,3,2,179,8,high,M,3,4584
F,Ship,6,5,254,4,low,F,2,1824
B,Ship,3,5,225,3,medium,M,8,3813
C,Road,5,5,203,4,low,M,6,4557
F,Ship,3,1,173,2,medium,F,4,5521
B,Ship,3,4,253,3,medium,M,4,4269
B,Ship,4,3,149,2,low,F,58,1657
F,Road,3,4,226,2,high,F,8,5793
F,Ship,3,4,173,2,low,M,5,4402
C,Ship,2,4,129,3,low,F,48,1219
D,Ship,5,1,235,5,low,M,4,1259
B,Ship,3,4,134,3,high,F,6,5680
F,Ship,4,4,246,3,low,M,2,5473
D,Ship,4,5,183,2,medium,F,8,4422
F,Ship,6,3,304,4,low,M,3,1752
F,Ship,3,4,257,4,low,M,9,4537
D,Flight,4,2,194,3,low,F,3,5174
D,Road,4,2,202,3,low,M,8,4575
B,Ship,3,2,231,4,medium,M,48,3370
A,Ship,3,2,183,3,medium,F,44,3809
F,Ship,5,5,227,4,low,M,53,2624
B,Flight,5,1,261,5,low,F,10,1713
B,Ship,3,2,138,2,medium,F,46,1436
F,Ship,6,1,303,4,medium,F,10,1003
B,Ship,4,3,224,3,medium,F,6,5054
F,Flight,3,3,231,3,medium,F,4,4088
A,Ship,5,5,264,3,medium,F,56,3482
F,Ship,3,4,162,3,medium,M,7,5313
F,Ship,5,5,232,3,low,F,2,4545
F,Ship,5,3,224,2,medium,M,1,5603
C,Flight,4,1,190,4,medium,F,5,5570
F,Ship,4,2,264,2,low,F,9,4490
F,Ship,3,3,218,3,low,M,19,3770
A,Ship,4,2,213,3,medium,M,8,5214
C,Ship,5,4,241,4,high,M,6,4412
D,Ship,3,5,227,3,high,M,9,4892
D,Ship,2,3,123,2,medium,M,11,1383
F,Ship,2,2,146,4,low,M,4,5817
B,Road,4,4,268,6,medium,F,3,4834
D,Flight,5,1,196,3,medium,M,24,2957
F,Ship,4,4,171,3,low,M,6,4343
D,Road,6,5,278,4,medium,F,6,1140
F,Ship,4,2,233,2,low,F,5,4668
B,Ship,4,5,164,4,low,F,4,5736
F,Flight,5,1,184,3,low,F,19,2625
F,Ship,7,5,253,4,low,M,10,1166
A,Ship,3,3,177,4,medium,F,4,1560
A,Ship,5,5,235,5,low,M,8,1332
A,Ship,4,2,269,10,high,M,2,5616
B,Ship,2,5,188,2,medium,F,9,4610
D,Ship,3,3,162,3,low,M,3,1693
A,Ship,4,2,199,3,low,M,7,5342
A,Ship,4,5,223,5,medium,F,6,1579
B,Ship,3,1,215,2,medium,F,9,4940
B,Flight,5,3,257,5,medium,F,7,1565
F,Ship,5,3,135,3,medium,F,5,4484
A,Ship,7,5,250,4,low,M,1,1690
A,Ship,3,3,187,2,low,F,7,4859
A,Road,4,4,251,2,low,M,2,4800
C,Road,6,1,132,4,medium,M,5,5235
C,Ship,3,2,263,3,medium,M,8,5447
A,Road,4,3,152,3,low,M,58,1453
D,Ship,3,5,274,3,medium,M,5,4710
B,Road,3,3,160,2,medium,F,3,4665
F,Ship,5,1,103,5,low,F,10,5413
A,Ship,7,5,285,4,low,M,6,1591
B,Ship,3,2,192,3,low,F,19,3183
F,Road,3,4,219,6,low,F,2,1837
A,Ship,4,5,188,3,medium,M,8,4125
C,Ship,4,1,225,2,medium,F,10,4577
C,Ship,4,4,218,4,low,M,6,4377
F,Ship,3,1,274,2,high,M,2,4352
D,Ship,5,2,246,3,medium,M,49,3236
A,Ship,5,5,218,5,medium,F,7,1692
A,Ship,2,5,228,2,low,F,49,3024
F,Ship,5,1,257,6,low,F,1,1150
F,Ship,7,2,295,4,low,F,10,1587
A,Ship,4,5,233,2,medium,M,10,5865
A,Ship,2,1,139,2,medium,F,2,4520
A,Flight,3,4,255,4,low,M,10,4107
D,Ship,5,1,238,5,low,F,5,5854
F,Road,4,1,198,4,medium,F,9,5382
F,Road,6,2,215,5,low,F,7,4057
B,Ship,5,3,221,6,medium,F,3,1960
A,Road,4,1,228,3,low,F,9,4678
A,Ship,6,5,139,6,medium,F,10,1081
A,Ship,3,1,201,3,low,F,3,4556
F,Ship,5,3,137,3,low,M,6,5357
C,Ship,5,5,265,3,low,M,6,4423
D,Flight,4,3,246,5,medium,M,10,1646
A,Road,4,1,231,5,medium,F,10,1144
A,Road,4,5,251,5,medium,F,7,1070
F,Ship,4,1,193,2,high,M,37,3510
C,Flight,4,5,157,3,medium,M,10,5898
A,Ship,5,2,242,5,medium,F,1,1004
F,Ship,5,2,151,6,medium,M,12,1920
C,Road,4,3,147,2,high,F,52,1570
B,Flight,4,3,153,3,low,M,5,5743
F,Road,2,3,133,4,low,F,5,5989
F,Flight,6,3,225,4,low,M,5,4184
C,Ship,5,4,252,5,low,F,10,1015
A,Ship,3,1,183,2,medium,F,3,4042
C,Flight,6,2,148,4,low,M,56,1511
C,Ship,4,5,240,5,medium,M,8,4314
A,Flight,4,4,154,6,medium,F,10,4361
A,Ship,4,2,139,3,low,M,29,1365
F,Flight,6,5,269,4,low,M,9,1826
A,Road,5,2,155,3,low,F,10,4485
A,Ship,4,1,199,2,low,F,46,3371
B,Ship,4,1,234,2,medium,M,4,5066
C,Ship,2,1,207,3,medium,F,10,5394
F,Flight,4,1,157,3,medium,M,31,1712
A,Ship,4,5,272,2,low,F,10,4962
F,Road,4,4,145,3,medium,F,3,5424
D,Ship,3,4,236,3,medium,M,1,5851
F,Ship,3,2,165,3,low,M,6,5642
C,Ship,5,2,258,3,medium,F,8,4921
B,Ship,4,5,137,2,high,F,6,5208
F,Ship,3,2,158,3,medium,F,1,5438
F,Flight,5,4,142,2,high,M,7,5341
A,Ship,5,4,191,4,low,M,8,4566
F,Ship,5,3,206,2,medium,F,59,3278
B,Ship,2,3,140,3,low,F,2,4691
D,Ship,3,5,246,3,medium,F,2,5653
F,Ship,5,2,154,4,low,F,8,4820
D,Ship,5,5,275,6,low,M,1,1507
D,Ship,4,3,185,3,medium,M,3,3131
D,Ship,2,3,273,4,low,M,3,5079
B,Ship,3,2,274,2,high,M,2,5029
C,Ship,5,5,135,3,medium,M,2,5849
F,Ship,4,2,158,3,low,M,3,4527
D,Ship,3,2,144,3,medium,F,48,1867
D,Flight,4,3,202,3,low,M,7,5678
F,Road,5,1,251,6,low,F,3,1562
F,Ship,6,1,237,5,high,M,2,5364
F,Ship,2,3,192,3,medium,F,8,5787
A,Ship,4,2,209,4,low,F,10,3370
C,Flight,4,4,214,3,low,M,36,2684
C,Ship,6,5,248,4,low,F,10,1005
C,Ship,4,3,226,6,medium,M,6,1704
A,Ship,3,2,222,4,medium,M,10,5720
B,Road,4,1,158,3,low,F,32,1061
A,Ship,5,5,231,2,medium,F,6,5862
F,Ship,5,2,201,3,low,M,2,5132
C,Road,3,4,262,3,low,M,7,2424
F,Flight,6,5,243,4,low,F,6,1898
D,Road,3,4,150,3,low,F,5,4950
C,Road,4,4,266,3,medium,F,2,5413
F,Ship,7,2,277,5,low,F,7,1260
C,Ship,3,2,212,3,medium,M,10,4117
C,Ship,5,1,136,3,low,M,10,5308
C,Ship,5,5,260,2,medium,F,55,2791
D,Flight,3,2,152,4,medium,F,7,5943
B,Flight,5,5,216,2,high,M,33,3202
D,Ship,3,4,195,2,low,F,5,4660
C,Ship,6,4,285,4,medium,M,4,1244
D,Ship,4,3,141,4,medium,F,38,1599
F,Ship,7,4,247,4,low,F,9,1228
B,Ship,4,3,150,4,low,F,4,1021
F,Flight,3,5,202,2,low,F,4,3372
B,Ship,3,3,250,3,medium,M,9,2752
C,Ship,6,4,304,4,low,M,7,1226
D,Ship,6,1,254,4,medium,F,6,1928
D,Ship,6,4,138,3,medium,F,4,4225
B,Ship,4,1,138,2,low,M,28,1528
B,Ship,3,2,244,8,low,F,50,3562
F,Road,3,4,200,3,low,F,7,5400
F,Flight,5,1,170,4,medium,M,4,5113
B,Ship,6,5,292,4,low,M,4,1762
F,Ship,3,1,125,3,medium,M,9,5489
C,Ship,3,1,147,4,low,M,18,1613
F,Ship,2,1,264,3,medium,M,10,3409
B,Ship,4,4,177,2,low,M,6,1112
D,Flight,3,4,174,3,low,F,10,4998
D,Ship,7,1,276,4,low,F,9,1519
D,Ship,3,1,272,2,low,M,51,2719
B,Road,3,1,220,2,high,F,40,3773
C,Ship,5,1,187,4,high,M,14,3849
A,Ship,5,3,181,4,medium,F,32,3893
D,Ship,5,3,210,3,medium,M,9,5912
C,Ship,6,1,189,2,low,F,6,1269
F,Ship,3,3,147,8,medium,F,7,5822
A,Road,4,5,204,3,medium,F,4,5476
C,Flight,5,1,253,5,low,M,31,3836
B,Ship,3,3,110,3,low,M,7,1235
F,Flight,2,4,264,3,medium,F,6,4025
F,Flight,5,5,132,3,low,M,3,4263
A,Ship,4,4,224,3,high,M,60,3145
F,Ship,3,5,159,3,medium,F,1,4314
B,Ship,4,3,137,3,medium,M,9,5016
C,Ship,5,5,262,5,low,M,2,1304
A,Road,5,5,232,4,low,M,3,5447
F,Flight,5,2,240,3,low,M,7,4744
C,Ship,3,5,161,2,medium,M,9,4623
B,Ship,2,1,228,2,low,F,2,5435
D,Ship,2,5,238,2,low,F,6,5325
F,Ship,6,1,263,4,low,F,6,1153
F,Flight,3,2,209,2,medium,M,6,5095
B,Ship,4,4,144,2,low,M,5,4380
F,Ship,5,1,235,3,low,F,7,5061
C,Ship,3,2,186,2,low,M,7,5522
B,Ship,3,5,192,4,medium,F,7,4741
F,Ship,4,1,145,3,medium,F,7,4386
D,Ship,3,5,172,2,medium,M,60,1840
F,Flight,3,5,102,6,medium,M,3,1341
D,Road,3,1,224,3,low,F,48,3672
F,Flight,3,5,173,2,low,M,14,1638
F,Road,7,5,133,5,low,F,3,1544
D,Road,5,5,154,3,medium,F,50,1389
C,Road,6,5,220,3,medium,M,1,5508
F,Ship,3,2,270,3,low,F,63,2751
C,Ship,3,2,260,3,medium,F,2,2176
F,Ship,3,3,155,2,medium,F,5,5577
A,Ship,3,5,165,3,low,M,3,5409
A,Road,2,4,273,4,low,F,7,4743
F,Ship,3,3,138,2,medium,F,40,1117
A,Ship,5,2,168,2,low,M,6,5464
B,Ship,3,2,244,2,high,F,9,4142
F,Ship,3,2,176,3,low,M,51,1297
D,Ship,4,2,272,4,low,M,3,5566
D,Road,3,5,192,2,medium,F,5,2339
D,Ship,4,1,229,4,low,F,3,4352
C,Ship,4,2,223,3,medium,F,7,5977
C,Ship,5,3,148,3,low,M,7,4714
F,Ship,3,2,243,2,medium,M,26,2719
F,Road,3,3,253,3,medium,M,7,5085
F,Ship,5,2,239,2,medium,F,59,2897
C,Ship,4,3,139,3,medium,F,47,1323
F,Road,4,3,256,3,low,F,15,3155
B,Road,3,1,207,3,low,F,5,4643
F,Ship,4,3,169,6,medium,F,2,5607
B,Ship,4,1,194,3,medium,F,9,5804
F,Ship,4,2,176,3,medium,F,12,1750
B,Ship,4,4,181,3,low,M,44,2070
A,Flight,4,1,172,3,medium,M,7,4883
C,Ship,3,3,253,4,low,F,9,4682
B,Flight,5,1,243,5,medium,M,8,1732
F,Ship,3,5,205,4,low,F,9,4819
A,Ship,5,3,230,3,medium,F,7,4844
D,Ship,5,5,253,6,medium,M,59,2627
F,Ship,3,3,237,4,low,F,8,5761
D,Ship,7,5,255,4,low,F,9,1367
D,Road,3,5,263,3,medium,M,4,4081
B,Ship,2,1,143,3,low,M,4,4512
D,Ship,4,1,247,6,low,M,4,1349
C,Ship,4,4,234,2,medium,F,8,5744
A,Ship,3,2,176,2,low,F,2,5083
F,Ship,6,3,244,5,medium,F,4,1121
B,Road,5,5,259,5,low,F,9,1624
A,Flight,4,2,180,2,medium,F,10,5666
B,Flight,3,4,226,3,medium,F,22,3593
B,Flight,4,3,225,2,high,F,4,4732
B,Ship,4,2,268,3,low,F,3,5488
C,Ship,4,1,224,2,low,M,10,4653
F,Ship,4,3,158,3,medium,F,27,1207
F,Ship,3,2,132,4,medium,F,3,4512
C,Ship,6,2,304,5,medium,M,6,1178
F,Road,4,1,243,3,high,F,9,4277
C,Road,3,4,160,3,low,M,10,4602
C,Ship,4,5,221,10,high,M,9,4646
B,Ship,4,4,170,2,low,M,34,1512
F,Ship,5,3,181,3,high,M,7,5675
F,Ship,5,1,160,2,low,M,32,1576
F,Flight,5,2,234,5,medium,M,7,1524
B,Ship,4,2,269,5,low,F,45,2383
F,Ship,2,4,105,2,medium,M,54,1707
F,Road,3,2,208,2,high,M,1,4999
C,Ship,2,5,181,5,medium,F,5,1043
F,Flight,4,1,273,5,low,F,7,1922
C,Ship,3,2,231,4,medium,M,4,5510
F,Ship,4,5,183,2,low,F,1,4741
C,Ship,3,2,148,4,medium,F,38,1322
F,Ship,2,4,223,3,medium,F,19,3356
F,Ship,4,1,171,3,low,F,58,1516
F,Ship,6,2,279,4,medium,F,4,1148
A,Ship,4,1,216,3,low,F,43,2643
C,Flight,3,2,137,2,medium,M,17,1673
D,Ship,4,1,127,8,low,F,12,1519
C,Flight,4,3,210,3,low,F,46,2344
D,Ship,5,2,241,3,low,M,39,3743
B,Ship,6,2,254,4,low,F,9,1626
F,Flight,3,3,239,4,low,F,5,4084
F,Ship,3,5,287,5,high,M,1,5263
C,Ship,3,3,156,3,high,F,20,1305
F,Ship,3,5,229,3,medium,F,12,3049
A,Flight,5,5,233,6,medium,F,4,1924
D,Ship,5,1,159,4,low,M,38,1277
F,Road,3,1,141,3,medium,F,39,1838
A,Ship,6,1,304,4,low,F,4,1236
F,Ship,3,1,176,3,low,F,63,1420
A,Ship,2,3,140,2,medium,M,20,1832
F,Ship,3,4,218,3,low,M,22,3818
A,Ship,7,2,261,4,medium,M,9,1918
A,Ship,3,5,267,2,high,M,2,5062
D,Ship,3,3,153,3,low,M,8,5487
B,Flight,3,4,180,6,medium,F,3,5605
C,Ship,5,3,198,4,medium,M,2,5316
D,Road,4,4,271,6,high,M,3,5204
A,Flight,2,5,239,2,low,F,9,5363
C,Ship,4,4,176,3,high,M,34,1283
D,Flight,4,5,138,7,medium,M,60,1366
C,Ship,3,2,208,4,medium,M,52,2900
D,Ship,3,1,188,4,medium,F,8,5884
F,Road,3,4,163,3,medium,M,58,1443
B,Road,6,5,275,4,low,F,6,1872
B,Ship,4,5,113,3,low,F,52,1741
A,Ship,4,5,139,3,low,F,65,1277
A,Ship,5,4,145,3,low,M,2,4492
C,Ship,6,5,201,5,medium,M,3,5771
C,Ship,3,5,175,2,low,F,40,1460
F,Ship,4,4,204,2,medium,F,9,4462
B,Ship,4,1,206,3,medium,M,23,3807
F,Road,6,1,250,2,medium,M,4,4016
F,Ship,6,2,152,2,low,M,6,1711
F,Ship,3,1,232,2,medium,F,2,5104
C,Ship,5,1,160,3,medium,M,3,5839
F,Road,4,5,238,10,medium,F,44,3860
B,Ship,4,5,261,3,high,M,3,4885
F,Ship,6,4,151,3,low,F,10,5414
B,Ship,4,1,209,2,low,F,10,5066
D,Ship,3,4,197,3,medium,F,56,3427
B,Flight,4,1,234,6,low,M,7,1711
B,Ship,5,5,183,3,medium,F,3,4071
B,Road,5,5,237,3,medium,M,5,4285
A,Flight,4,3,152,3,low,M,43,1009
F,Ship,5,1,236,6,low,M,4,1123
B,Ship,4,3,151,3,medium,F,8,4025
D,Flight,4,1,261,4,medium,F,7,5600
F,Ship,4,1,139,3,low,F,56,1811
F,Road,4,1,211,3,medium,F,7,4083
F,Ship,5,3,141,2,medium,F,10,4651
F,Ship,3,5,171,3,medium,M,5,4075
F,Road,5,5,221,3,medium,M,9,5295
F,Ship,4,2,214,6,medium,M,9,4736
F,Road,3,3,182,4,low,M,10,1690
B,Ship,5,2,172,2,high,F,1,5112
B,Ship,5,1,160,4,medium,M,5,5841
B,Ship,5,4,258,2,low,F,8,4200
A,Road,5,1,179,3,low,F,62,1945
C,Ship,4,1,265,6,low,F,2,1629
B,Flight,5,3,228,3,medium,F,38,3631
B,Ship,4,1,113,3,low,F,60,1200
B,Ship,3,4,165,2,medium,M,1,5745
F,Ship,4,3,253,5,low,M,6,1366
A,Ship,3,3,203,2,low,M,1,5244
D,Ship,4,4,233,4,low,M,3,5849
F,Road,7,2,203,5,medium,F,61,1856
F,Ship,5,2,223,6,medium,M,2,1210
A,Ship,7,5,254,4,medium,F,1,1347
B,Ship,5,4,228,6,medium,M,5,4974
F,Road,4,2,158,3,medium,F,9,4078
F,Ship,3,4,239,2,low,F,10,5674
B,Ship,4,5,211,4,medium,F,10,4004
F,Road,5,5,190,4,medium,M,12,2947
D,Ship,3,2,200,3,low,M,46,3642
B,Ship,4,2,275,6,medium,M,2,1712
C,Ship,2,3,146,3,medium,M,18,1289
F,Ship,3,5,149,3,low,F,9,5412
C,Ship,4,2,170,2,low,F,1,1446
F,Ship,5,4,139,3,medium,F,6,5721
C,Ship,4,1,269,3,low,F,7,5211
A,Road,3,2,214,2,high,F,7,4938
C,Ship,6,2,261,4,medium,M,8,1891
F,Ship,5,1,120,3,low,M,7,4381
C,Ship,3,4,216,3,low,F,41,2042
A,Road,4,5,229,5,low,F,3,1954
C,Road,5,3,265,5,medium,F,6,1929
C,Ship,3,3,253,4,low,M,2,5040
D,Ship,3,1,203,4,medium,M,12,2779
A,Ship,4,4,168,3,low,M,6,5488
D,Ship,3,5,196,3,high,F,4,4569
C,Flight,6,1,260,5,low,F,3,1434
F,Ship,2,2,98,5,medium,M,10,4368
F,Ship,4,5,201,8,medium,F,4,5472
A,Ship,7,3,296,4,medium,F,2,1304
F,Ship,5,1,203,5,medium,M,2,4845
F,Ship,5,5,275,5,low,F,3,1145
A,Road,6,3,241,6,high,F,8,3878
F,Flight,5,3,146,3,low,M,41,1204
C,Ship,5,4,263,4,low,F,10,1995
F,Flight,4,1,267,2,medium,M,9,5230
B,Ship,4,1,219,2,medium,F,2,1752
F,Ship,6,1,213,3,low,M,63,1548
F,Ship,5,4,266,2,medium,M,1,5494
B,Ship,3,4,238,2,medium,M,3,4930
B,Ship,3,5,245,4,high,F,26,2072
A,Ship,3,4,198,2,medium,F,20,2266
F,Ship,4,2,216,2,low,F,26,2431
A,Ship,5,2,247,3,medium,F,3,4698
C,Road,4,3,137,3,medium,F,10,4820
C,Ship,4,3,250,3,medium,F,3,5055
B,Ship,4,3,123,4,medium,M,6,4166
B,Flight,4,3,248,5,low,M,3,1093
C,Flight,5,5,195,3,low,M,55,2641
B,Flight,4,1,173,5,low,F,5,5049
C,Flight,4,2,200,2,low,F,8,4222
B,Ship,3,1,226,3,high,M,2,4831
F,Ship,4,5,190,3,low,M,2,4554
B,Ship,3,4,234,2,medium,M,52,3543
C,Road,3,5,188,3,high,F,9,3206
D,Ship,4,3,172,3,medium,F,10,5434
D,Road,4,5,170,3,medium,M,3,4695
D,Ship,5,1,176,4,low,F,1,4270
B,Ship,5,4,227,2,medium,M,10,4734
F,Ship,3,3,192,3,medium,M,4,5479
B,Ship,7,3,286,4,low,F,5,1866
C,Ship,3,2,189,6,low,M,7,4329
A,Ship,2,1,202,2,medium,F,5,4456
F,Ship,5,1,237,4,low,M,33,2605
F,Ship,3,3,135,3,low,M,8,1074
C,Road,3,4,248,4,medium,M,8,4540
C,Flight,4,1,203,4,low,M,34,3813
D,Ship,3,5,126,2,low,F,63,1141
A,Road,4,5,155,3,medium,M,3,5939
B,Ship,6,4,299,4,low,F,9,1817
C,Road,5,4,168,4,medium,M,5,5580
F,Ship,6,1,225,6,low,M,8,5714
D,Road,4,4,146,2,medium,F,5,4356
A,Road,5,2,192,2,low,M,5,4046
C,Ship,5,4,215,3,low,F,5,5552
C,Ship,3,3,275,4,medium,M,6,4687
A,Flight,4,4,164,2,low,M,7,5456
B,Road,6,2,289,4,high,F,3,1116
F,Ship,2,3,228,3,high,M,5,4663
B,Flight,3,5,157,3,medium,F,4,1889
F,Ship,4,2,189,3,medium,M,6,3671
B,Ship,4,3,266,3,high,F,2,5298
A,Road,5,2,272,5,low,M,8,1317
B,Ship,5,5,240,5,low,M,8,1750
B,Ship,3,1,206,3,medium,M,5,5676
F,Road,4,3,219,6,medium,F,2,1634
D,Road,3,5,251,3,low,F,21,2476
A,Ship,3,1,169,3,low,F,6,4081
A,Road,3,1,154,3,medium,M,4,4631
C,Ship,4,4,200,3,low,F,7,5807
F,Ship,4,3,196,2,high,M,10,5709
B,Ship,3,3,209,3,medium,F,5,5831
D,Road,3,2,204,2,medium,F,35,2090
F,Ship,6,5,305,4,low,F,6,1787
A,Ship,5,1,256,2,medium,F,1,5352
C,Road,4,2,197,3,low,F,2,5707
D,Ship,5,1,184,3,low,F,10,4674
D,Road,5,2,225,3,medium,F,29,2411
F,Ship,5,2,196,3,low,M,38,2211
B,Flight,3,2,227,3,low,F,4,4450
B,Ship,4,3,271,4,low,F,24,3499
F,Road,5,1,257,3,medium,F,5,4355
C,Ship,3,3,142,3,low,F,7,4439
B,Ship,3,3,179,2,low,F,60,1808
F,Ship,3,4,238,3,medium,F,8,5337
F,Ship,5,3,189,3,medium,F,7,5830
D,Road,6,4,116,3,low,M,6,4649
B,Road,2,4,140,3,low,M,32,1819
C,Road,3,1,162,4,medium,F,4,5683
F,Flight,3,2,164,4,medium,M,6,5761
F,Ship,6,1,272,4,medium,M,10,1534
C,Ship,5,4,230,3,low,M,1,4727
A,Road,3,1,132,4,medium,M,58,1067
F,Ship,3,3,270,3,high,F,7,4690
B,Ship,5,1,218,5,medium,F,9,1603
F,Ship,3,1,252,2,low,M,4,5559
F,Road,3,4,287,5,medium,F,9,5308
F,Flight,4,4,264,3,medium,F,9,5555
B,Ship,3,1,236,3,medium,M,28,3290
A,Ship,3,4,260,3,low,F,21,2003
B,Flight,3,3,231,2,low,M,46,2962
D,Ship,3,4,187,3,low,M,7,5417
C,Flight,5,2,227,5,medium,M,9,1917
D,Ship,4,2,243,5,medium,F,8,1922
F,Ship,6,4,292,4,medium,M,8,1779
D,Ship,4,4,175,2,medium,F,10,4927
D,Ship,2,5,144,3,medium,M,61,1313
F,Ship,3,4,242,2,low,F,10,5559
A,Ship,7,5,268,4,medium,F,9,1754
A,Ship,4,5,167,2,low,F,7,5800
B,Ship,3,2,203,3,high,M,3,2791
B,Flight,3,3,176,4,medium,M,10,1177
F,Ship,4,1,228,5,low,F,6,1874
B,Ship,3,1,167,3,medium,M,10,4341
C,Ship,6,2,259,4,low,M,5,1771
A,Ship,4,5,199,4,medium,M,1,5585
B,Ship,3,5,107,5,low,F,4,5624
C,Ship,3,3,160,3,medium,F,65,1228
F,Ship,3,3,172,3,low,F,58,1269
F,Ship,6,3,301,4,low,F,2,1083
C,Ship,6,3,252,2,low,M,1,1756
F,Ship,3,5,237,4,low,M,28,3903
C,Ship,5,2,191,2,high,F,6,2059
F,Ship,6,5,189,2,high,M,4,5898
F,Road,3,1,160,2,low,F,10,5642
F,Ship,4,1,245,5,low,F,3,1537
F,Ship,4,1,151,3,high,F,39,1458
C,Ship,3,3,229,3,low,M,49,2339
B,Ship,3,3,185,4,low,F,6,4015
F,Road,6,2,139,6,medium,M,8,1691
F,Ship,4,5,267,5,low,M,7,1983
D,Ship,5,1,226,2,low,M,18,2582
F,Flight,3,4,190,10,medium,F,32,2064
F,Ship,4,3,212,2,low,M,8,5513
B,Ship,2,1,198,2,low,M,8,4323
F,Ship,3,4,244,3,medium,M,4,4458
D,Ship,2,5,236,3,medium,F,13,2171
A,Ship,4,2,258,3,low,F,5,5393
F,Ship,6,4,192,3,high,F,19,2944
A,Ship,4,2,249,2,medium,F,7,5876
D,Flight,4,4,244,2,medium,F,7,5543
C,Ship,5,5,240,2,low,F,7,4409
B,Ship,3,4,151,3,low,M,16,1020
C,Ship,4,4,219,2,medium,M,7,4604
D,Road,4,3,187,6,low,F,9,5872
F,Ship,2,2,156,3,low,F,5,4151
F,Ship,3,2,201,6,medium,M,7,4723
C,Road,4,5,273,2,low,F,9,5724
A,Road,5,3,269,3,low,F,8,4811
F,Ship,5,5,135,3,low,F,4,5734
A,Road,3,1,269,4,low,F,7,5107
F,Road,4,4,238,3,medium,F,5,4724
A,Ship,3,4,117,3,medium,M,23,1527
F,Ship,6,5,249,5,medium,M,26,3897
F,Road,4,2,262,2,medium,M,3,4090
F,Flight,4,5,193,3,medium,M,65,2267
C,Ship,4,2,191,2,low,M,11,3985
F,Road,4,1,182,6,low,M,41,2047
F,Flight,6,4,253,4,low,F,7,1485
C,Ship,3,3,176,3,low,F,1,5168
B,Flight,5,2,261,3,high,M,3,5303
D,Ship,5,3,178,4,medium,M,10,5382
F,Ship,5,1,276,5,medium,M,5,1358
F,Ship,3,2,264,2,low,M,6,5702
A,Ship,4,5,127,8,low,M,39,1411
F,Ship,5,1,257,6,low,M,2,1258
F,Ship,3,2,164,4,medium,F,10,4560
D,Ship,5,4,266,3,low,M,2,5260
F,Ship,6,3,189,3,medium,F,3,5062
F,Flight,5,5,263,5,medium,M,10,1789
F,Ship,3,4,189,3,high,M,2,5464
F,Road,3,1,215,6,high,M,42,3715
D,Ship,6,4,275,4,low,F,3,1182
C,Flight,3,1,203,3,medium,F,3,4137
D,Flight,6,2,268,4,low,M,7,1943
B,Ship,5,5,133,2,low,F,18,1134
B,Ship,5,3,212,2,low,F,7,5219
F,Ship,4,2,197,2,low,F,1,4977
C,Ship,3,1,245,4,high,F,47,3111
F,Ship,5,4,193,3,low,M,55,2758
B,Road,3,5,110,3,medium,M,3,4252
F,Ship,5,2,111,4,medium,F,7,4424
B,Road,6,1,237,5,medium,M,3,5299
F,Ship,4,1,154,2,low,M,1,5578
B,Flight,4,1,254,2,low,M,10,4230
B,Ship,4,4,152,3,low,M,8,4430
F,Ship,5,2,270,4,medium,M,8,1631
C,Ship,3,4,252,2,high,M,9,4278
A,Road,5,2,156,4,medium,M,39,1204
D,Flight,3,5,162,2,low,M,4,4495
F,Ship,6,5,213,6,low,M,7,2709
F,Road,3,4,144,3,low,M,50,1865
D,Flight,5,4,263,3,medium,M,59,3978
D,Flight,4,2,203,5,low,F,20,3098
F,Road,4,4,197,3,medium,F,41,3280
C,Ship,2,5,264,3,medium,F,3,4320
D,Ship,3,3,149,2,medium,M,18,1225
D,Ship,3,5,110,3,low,M,55,1875
C,Road,6,5,263,7,high,M,9,5991
F,Ship,3,2,154,3,low,F,56,1136
B,Ship,4,5,197,2,low,M,3,4379
F,Ship,4,3,244,2,low,M,17,3125
C,Ship,5,4,221,6,medium,M,6,1488
C,Flight,6,1,281,3,medium,F,36,2536
F,Road,3,2,235,2,medium,F,9,5116
F,Ship,3,5,183,3,low,F,2,3459
A,Ship,5,5,257,3,medium,F,5,5084
B,Flight,5,3,171,3,medium,F,7,4994
F,Ship,5,4,237,3,medium,F,1,4369
B,Flight,4,1,212,2,medium,F,7,5864
F,Road,5,1,145,3,low,M,20,1387
C,Flight,2,1,173,2,high,M,1,4135
B,Road,3,5,139,2,medium,M,7,5536
D,Road,4,1,202,3,high,M,59,2563
B,Ship,4,5,242,2,low,F,1,5682
F,Ship,4,4,253,2,medium,F,5,5624
A,Ship,5,1,263,2,medium,F,4,1092
B,Ship,3,1,171,3,medium,M,28,1075
F,Ship,3,1,204,10,medium,M,5,5375
A,Flight,3,1,222,3,medium,F,8,4650
C,Ship,4,3,257,5,medium,F,9,1080
A,Flight,4,3,267,4,low,M,7,5140
C,Road,4,4,222,3,medium,M,4,5857
F,Ship,4,3,151,3,medium,F,6,5379
C,Ship,6,5,244,4,low,M,9,1789
A,Ship,3,1,185,4,low,F,35,3648
F,Ship,3,3,243,3,medium,F,27,2052
C,Ship,5,5,242,4,medium,F,2,5359
F,Flight,3,3,229,3,low,M,14,2164
F,Road,5,2,266,5,medium,M,8,1367
F,Ship,5,4,241,2,medium,F,7,4413
F,Ship,4,5,177,7,low,F,2,4299
F,Flight,5,2,165,3,medium,F,10,5598
D,Flight,3,4,210,2,low,F,35,2741
C,Flight,3,4,138,2,medium,F,8,4837
D,Flight,7,4,296,4,low,F,10,1033
F,Ship,5,3,243,3,medium,F,10,4524
F,Ship,3,1,132,2,medium,M,2,4129
C,Ship,3,1,159,3,low,M,10,4358
F,Ship,3,5,168,4,medium,M,23,1347
B,Ship,3,3,104,5,low,F,5,4643
F,Flight,5,3,267,5,low,M,6,1119
D,Ship,6,5,252,4,low,F,9,1460
F,Ship,5,5,106,5,low,F,46,1275
D,Ship,3,2,250,5,low,F,36,2717
F,Ship,6,2,243,4,low,M,9,1258
B,Flight,3,2,238,4,medium,F,49,3179
A,Ship,4,3,201,2,low,F,10,4875
F,Ship,3,2,229,6,medium,F,3,5689
B,Ship,3,4,211,3,medium,M,8,3710
B,Road,4,4,218,2,medium,F,3,5692
A,Flight,4,5,273,5,low,M,2,1441
D,Ship,2,2,249,3,low,F,3,4129
B,Road,4,3,232,2,low,M,1,5398
A,Ship,4,2,201,3,medium,M,7,5967
C,Ship,4,4,176,6,high,M,5,4494
D,Ship,5,4,214,2,medium,F,1,3709
D,Ship,4,4,244,3,medium,F,55,2782
A,Ship,2,3,204,4,low,F,20,3135
D,Flight,2,5,263,4,medium,F,4,4042
F,Flight,6,5,305,4,low,F,7,1099
F,Ship,4,1,198,4,low,F,5,5182
A,Flight,3,1,166,2,low,F,7,4375
F,Ship,3,2,136,4,low,M,62,1090
F,Ship,4,2,147,3,low,F,5,5174
A,Ship,4,2,177,3,medium,M,5,5757
B,Road,5,1,226,6,low,M,5,1078
C,Ship,4,3,257,3,medium,M,1,5717
D,Ship,5,4,153,6,medium,M,35,1082
F,Ship,6,4,266,4,low,M,5,1639
D,Ship,3,3,232,4,medium,M,3,5828
C,Ship,5,3,274,3,medium,F,54,2905
F,Ship,4,2,248,3,low,M,2,5028
A,Ship,5,2,158,3,low,M,4,4324
D,Ship,3,3,166,2,medium,M,4,4254
F,Ship,3,3,190,3,low,F,9,5279
D,Ship,3,2,149,4,medium,F,21,1636
B,Flight,3,1,191,3,low,M,1,4705
D,Ship,5,2,270,3,low,M,3,5266
B,Ship,4,3,218,2,low,F,7,4423
D,Ship,7,3,270,4,medium,F,10,1211
D,Ship,6,5,244,4,medium,F,6,1185
A,Road,5,2,262,5,medium,M,1,1483
D,Ship,3,1,167,2,low,M,1,5749
F,Ship,5,3,156,4,medium,F,8,5868
A,Road,3,4,232,5,medium,M,9,5759
F,Ship,6,4,280,4,low,M,4,1831
F,Ship,4,5,168,2,high,M,2,5776
C,Ship,3,4,162,4,medium,M,10,4235
C,Ship,5,1,179,2,low,M,8,5198
F,Ship,4,3,232,3,medium,F,8,5298
A,Ship,4,2,251,3,low,F,10,3517
A,Ship,5,2,269,5,medium,F,10,1113
B,Ship,4,2,193,2,high,F,48,2371
F,Ship,3,1,250,3,medium,F,6,5832
B,Road,4,4,259,5,low,F,5,1065
F,Ship,5,3,248,2,low,F,6,5863
A,Road,3,5,204,2,low,M,1,4133
D,Flight,3,4,183,2,low,M,5,4261
C,Ship,3,4,267,2,low,M,9,5940
A,Ship,3,4,212,2,low,M,33,2021
F,Flight,5,2,252,5,low,F,10,1568
D,Road,6,2,240,6,low,M,3,5967
D,Ship,4,1,200,2,low,M,5,5072
F,Ship,5,2,139,3,low,M,9,5920
A,Road,3,5,242,3,medium,F,3,2268
D,Flight,6,1,173,3,medium,F,2,4892
C,Ship,4,5,254,3,low,F,7,4363
B,Ship,4,5,275,5,low,F,6,4450
C,Ship,5,1,145,2,medium,M,8,4485
D,Ship,3,3,185,3,medium,M,4,4111
A,Ship,4,3,211,7,high,M,9,5652
F,Road,2,4,147,3,low,M,5,1920
B,Ship,5,1,279,4,low,F,3,1499
A,Ship,4,1,183,3,low,M,37,2042
B,Flight,3,2,269,2,medium,F,1,4978
F,Flight,7,4,264,4,medium,M,6,1265
A,Ship,4,4,238,5,low,M,1,4753
F,Ship,4,2,262,6,medium,F,4,1644
A,Flight,4,5,140,3,low,F,7,5383
F,Road,6,4,304,4,low,M,6,1890
F,Ship,5,5,174,6,medium,F,26,1184
D,Ship,3,1,144,3,medium,F,6,4163
A,Ship,4,1,261,3,medium,M,7,4314
D,Ship,4,3,177,3,low,M,1,5282
D,Ship,4,3,265,3,low,F,65,3578
F,Ship,4,4,163,3,low,F,5,4440
C,Ship,5,1,153,2,low,F,7,4944
C,Flight,3,2,257,5,low,M,5,4130
D,Ship,4,2,236,3,low,F,1,4076
D,Ship,3,3,255,3,medium,M,23,3764
F,Road,4,2,248,2,low,F,10,5783
D,Ship,3,3,219,6,low,M,10,1116
F,Ship,3,5,150,10,low,M,2,5042
F,Flight,4,4,208,3,low,F,10,4919
A,Ship,6,4,209,5,low,F,53,3169
D,Ship,4,4,213,3,low,F,1,4266
A,Road,5,5,254,2,medium,M,6,4934
F,Road,5,5,165,3,medium,F,32,1798
A,Ship,5,5,271,2,medium,M,6,4788
D,Ship,5,4,132,6,low,F,8,1327
D,Ship,7,3,296,4,medium,F,7,1427
F,Flight,3,1,109,6,low,F,5,4374
A,Ship,3,5,216,3,high,F,2,4242
B,Ship,3,3,148,3,low,M,1,5700
F,Road,4,4,246,3,medium,M,5,5029
F,Ship,3,5,186,2,medium,M,4,4352
F,Ship,4,2,151,3,medium,M,3,5154
C,Ship,6,3,298,4,low,F,9,1515
F,Ship,4,1,250,6,medium,F,7,1292
C,Road,5,2,258,5,high,M,6,1059
F,Ship,5,3,172,3,medium,F,3,4056
B,Ship,3,3,232,2,low,M,5,4255
C,Ship,5,1,241,5,low,M,4,1348
A,Ship,3,2,153,3,medium,M,6,4056
F,Flight,7,1,287,4,medium,M,9,1150
B,Ship,4,2,233,7,medium,M,56,3925
C,Ship,2,4,182,4,medium,M,1,3624
F,Ship,3,1,196,3,low,M,10,4546
F,Ship,4,5,228,2,low,M,63,3401
F,Ship,3,4,260,4,high,M,17,2666
F,Ship,4,2,234,2,high,M,27,3393
A,Ship,5,5,156,4,low,F,5,5987
C,Ship,5,4,217,6,medium,M,6,1483
C,Flight,5,2,214,2,low,F,8,4767
C,Ship,4,4,243,3,low,F,36,2111
D,Flight,5,1,195,6,high,F,8,4944
F,Flight,7,2,288,4,high,M,4,1321
A,Road,6,1,192,6,medium,M,7,4014
F,Flight,3,3,157,2,medium,F,62,1366
F,Ship,4,3,170,3,low,F,21,1588
F,Flight,5,3,269,5,low,F,8,5833
F,Ship,3,1,140,2,low,F,6,1435
B,Ship,4,2,259,4,low,F,13,2495
D,Road,6,1,127,3,low,F,8,5976
A,Ship,3,3,158,2,low,M,10,4061
D,Flight,6,4,258,4,low,F,2,1051
F,Ship,3,4,220,7,low,M,43,2620
F,Ship,3,4,237,3,high,F,9,5514
B,Ship,5,4,97,6,high,M,7,5509
B,Flight,6,5,244,4,medium,F,4,1648
F,Ship,3,1,140,3,low,M,6,4488
F,Ship,4,3,201,3,low,F,46,3641
B,Ship,4,2,187,2,medium,M,7,4470
F,Ship,3,1,202,2,medium,F,7,4506
A,Road,3,1,164,2,low,M,2,1104
B,Ship,5,1,140,4,medium,M,48,1322
D,Road,2,3,170,8,low,M,61,1240
F,Road,5,1,173,4,medium,F,2,4615
F,Ship,4,3,216,2,low,M,52,3578
F,Ship,5,5,195,4,low,F,1,4393
C,Flight,3,4,138,3,medium,F,10,4327
C,Ship,4,3,198,2,low,M,5,5724
D,Flight,6,4,148,4,low,F,10,5088
D,Flight,3,3,178,3,high,M,12,1900
F,Ship,6,4,257,4,low,F,4,1451
F,Flight,3,1,162,3,medium,F,10,5726
A,Road,3,5,258,4,low,F,3,4212
F,Ship,6,5,304,4,low,F,6,1864
B,Road,5,2,271,4,low,F,4,4066
F,Ship,4,3,161,3,medium,F,28,1809
C,Ship,3,4,171,3,low,F,5,5872
F,Ship,5,3,206,4,high,F,1,4583
C,Ship,3,1,134,3,medium,M,10,4200
C,Ship,5,3,230,4,medium,M,4,5278
F,Road,3,4,191,3,medium,M,6,4586
B,Ship,6,1,185,4,high,F,10,5254
B,Ship,2,5,264,5,medium,F,1,4426
B,Ship,3,3,203,3,medium,F,8,5929
F,Flight,5,5,190,4,medium,F,47,3644
D,Ship,4,5,221,3,medium,F,3,4430
B,Ship,4,4,146,4,medium,M,7,4953
F,Road,3,4,202,3,medium,M,7,1946
F,Ship,4,4,256,5,high,M,1,1927
A,Flight,5,3,224,5,low,M,5,1842
A,Ship,5,5,259,6,low,M,5,1382
C,Road,3,3,169,3,low,F,7,5976
F,Ship,3,2,181,3,medium,F,9,4163
A,Flight,4,5,265,2,medium,F,9,5135
B,Ship,4,5,141,3,medium,M,12,1672
B,Ship,4,5,270,3,medium,F,2,5272
D,Flight,3,4,167,3,medium,M,52,1755
F,Road,5,3,237,3,low,F,8,5131
F,Flight,5,4,197,4,low,F,40,3303
C,Ship,6,4,147,3,low,M,4,4549
C,Ship,5,1,298,4,low,F,4,1853
F,Ship,5,4,226,2,low,M,6,4547
C,Flight,3,5,182,3,medium,M,34,3595
C,Ship,5,2,270,3,medium,F,5,5950
F,Ship,4,2,229,4,low,M,8,5385
F,Ship,4,2,252,4,low,F,3,4956
B,Flight,6,3,218,3,low,M,6,4594
A,Road,6,3,232,5,high,M,10,4576
A,Ship,3,4,180,2,medium,F,49,1942
A,Ship,4,4,255,3,medium,F,60,2777
B,Flight,4,4,141,2,low,F,30,1130
A,Ship,3,2,133,3,medium,M,1,5026
F,Ship,5,4,255,6,low,M,3,4638
A,Road,5,3,240,6,medium,F,3,1321
A,Ship,4,4,192,4,medium,F,46,3599
F,Ship,3,1,194,4,low,M,64,2026
F,Ship,3,5,241,10,medium,M,41,3015
D,Flight,4,1,135,4,low,F,5,5934
D,Ship,3,5,115,3,medium,M,60,1122
F,Ship,3,5,197,3,low,M,3,5658
C,Road,5,1,271,4,low,F,4,2718
F,Ship,3,2,167,4,medium,M,49,1973
F,Ship,5,5,152,6,medium,M,2,4915
A,Ship,3,1,144,3,low,F,8,5221
F,Road,7,2,297,4,low,F,7,1383
C,Ship,3,3,179,2,low,M,5,5058
F,Road,4,3,140,8,medium,M,8,4065
A,Ship,3,1,187,3,medium,M,2,5154
C,Ship,5,3,266,5,medium,F,2,1510
A,Flight,4,2,242,2,medium,F,8,5243
C,Flight,5,5,201,3,medium,F,10,5121
A,Ship,4,1,222,2,high,M,3,5665
B,Ship,3,4,243,2,low,F,14,3693
F,Ship,5,3,257,2,low,F,61,3341
A,Ship,4,1,146,8,low,M,7,4576
A,Road,3,5,240,8,low,M,9,4436
A,Flight,4,5,140,5,medium,F,3,4191
F,Flight,3,5,133,4,low,M,10,4151
C,Road,4,3,207,10,low,F,9,4179
F,Flight,5,4,240,4,medium,F,2,5215
C,Ship,4,5,136,2,medium,M,4,5512
C,Flight,6,2,308,5,medium,M,4,1303
A,Ship,4,4,163,3,low,M,3,4185
F,Ship,5,3,257,5,low,M,7,1090
B,Flight,5,3,230,5,medium,M,4,1123
F,Ship,5,1,136,3,medium,M,19,1420
D,Ship,3,4,199,4,medium,F,6,5207
A,Ship,2,3,258,2,low,M,4,5052
F,Ship,4,3,173,3,low,F,7,4810
F,Road,3,5,232,2,high,F,8,5146
F,Flight,5,2,152,4,medium,M,6,5596
F,Ship,4,3,222,3,low,F,8,4861
F,Ship,4,2,217,2,medium,F,8,4907
C,Ship,3,5,132,2,low,M,10,4462
F,Ship,3,1,264,3,low,F,5,5043
B,Ship,5,5,244,3,medium,M,7,4078
F,Ship,6,1,152,2,low,F,3,1340
C,Ship,3,3,262,2,medium,F,10,5032
B,Road,4,2,229,6,medium,F,5,1689
D,Road,4,2,261,5,medium,M,5,1073
C,Ship,3,1,257,2,medium,F,2,5815
D,Ship,7,5,284,4,medium,F,8,1148
F,Ship,3,2,194,3,low,F,3,5779
D,Flight,3,3,199,3,medium,F,1,4006
A,Ship,3,3,232,4,low,F,4,4662
B,Ship,4,2,138,3,low,F,30,1805
B,Ship,4,2,261,2,medium,M,7,5764
F,Ship,5,5,164,5,low,M,52,1644
D,Ship,7,2,283,5,low,F,10,1722
B,Road,7,1,307,4,low,F,8,1339
F,Ship,4,2,149,3,medium,F,54,1506
A,Ship,3,3,165,2,medium,M,1,4768
F,Flight,4,5,173,2,medium,F,5,4776
F,Ship,4,3,157,7,low,F,3,4878
A,Ship,4,1,153,4,low,M,7,1130
D,Ship,5,1,241,3,high,M,8,5306
A,Ship,5,3,229,2,medium,M,10,5149
A,Ship,5,5,98,2,medium,M,2,4125
F,Flight,5,4,182,4,low,M,61,3063
F,Flight,4,4,221,4,medium,M,14,2932
A,Ship,5,3,199,4,medium,F,8,5362
F,Ship,2,2,278,2,medium,F,9,4318
F,Ship,6,2,279,4,low,M,1,1150
F,Road,5,3,277,3,medium,M,1,4186
F,Ship,2,1,166,3,medium,F,7,5990
F,Road,4,5,174,3,medium,F,8,5576
A,Flight,4,1,200,2,low,F,9,4808
B,Flight,5,1,266,5,medium,F,2,1798
D,Ship,3,5,149,2,medium,M,5,1023
F,Ship,3,2,131,5,low,F,8,5084
D,Ship,4,4,212,4,medium,F,2,3830
A,Ship,3,2,158,7,medium,M,10,4244
A,Ship,3,5,135,3,low,M,20,1772
C,Ship,4,3,197,3,low,M,2,4410
F,Ship,3,3,273,2,medium,F,16,2466
F,Ship,3,5,137,3,high,F,28,1815
F,Road,4,5,143,2,medium,F,20,1360
F,Road,6,5,130,6,low,F,60,1971
F,Road,4,2,147,3,medium,M,44,1873
F,Ship,4,3,267,3,low,F,42,2332
C,Ship,4,4,187,3,low,F,8,4893
F,Ship,4,5,268,2,medium,M,46,3076
F,Ship,6,4,287,4,low,F,5,1972
F,Flight,4,4,137,3,medium,F,8,4066
F,Flight,5,5,262,2,medium,M,8,4283
B,Flight,3,1,107,3,high,F,13,1861
F,Ship,4,5,190,2,low,M,36,3548
A,Ship,5,5,275,4,medium,M,9,1215
F,Flight,5,3,247,5,low,M,10,1699
F,Flight,4,1,271,4,medium,F,2,4133
D,Ship,4,4,106,2,low,M,6,5984
A,Flight,5,5,222,3,medium,M,5,4949
C,Ship,4,4,273,5,low,M,10,1316
F,Road,3,4,159,3,high,M,4,4756
F,Ship,2,4,187,6,medium,F,9,4388
B,Ship,4,2,249,4,medium,M,4,5418
F,Ship,7,5,255,4,low,F,2,1826
D,Flight,5,5,147,2,medium,M,19,1936
F,Ship,5,5,139,4,medium,F,3,4433
C,Road,4,3,192,3,low,F,43,3498
A,Ship,5,3,245,3,medium,F,5,5663
B,Flight,3,5,202,4,medium,F,7,4458
A,Road,4,4,225,3,low,M,51,2892
A,Ship,3,3,151,3,low,M,7,4611
F,Ship,5,3,187,3,low,F,3,4343
B,Ship,5,3,167,3,low,F,5,1772
D,Ship,4,1,227,3,low,M,54,3972
D,Flight,4,4,160,3,medium,M,5,4440
C,Ship,6,2,282,4,low,M,1,1857
B,Flight,4,2,149,4,low,M,40,1102
A,Ship,3,5,172,10,high,F,1,4929
C,Flight,4,1,161,2,high,F,21,1075
C,Flight,4,2,211,2,low,F,39,2520
A,Ship,3,3,273,6,low,M,6,1771
F,Ship,4,4,197,7,medium,F,22,2065
F,Road,6,1,256,4,low,F,7,1372
C,Ship,4,4,249,3,medium,F,1,5743
F,Ship,5,2,262,5,low,M,4,1509
D,Ship,3,4,205,5,low,F,4,4483
C,Ship,6,5,266,5,low,M,10,4140
D,Ship,2,3,224,2,low,F,5,5050
F,Road,4,1,224,5,low,F,7,5738
A,Ship,6,1,275,4,low,M,7,1767
F,Ship,4,1,221,5,medium,M,22,3075
F,Ship,3,4,266,2,high,M,49,2643
F,Ship,5,1,259,5,low,F,7,1871
A,Road,4,5,218,3,low,F,40,3200
F,Flight,4,3,197,5,low,F,8,4209
F,Ship,5,3,246,2,medium,F,1,4533
A,Ship,4,4,171,2,low,M,7,5190
A,Ship,5,5,264,8,high,F,10,5759
B,Ship,3,1,236,2,high,M,2,3949
B,Ship,4,3,213,3,low,M,6,5447
A,Ship,4,4,258,5,low,M,9,1947
B,Road,4,5,203,2,medium,F,8,4450
B,Ship,3,1,241,2,low,M,8,5602
F,Ship,5,1,240,5,low,M,10,1373
C,Road,6,2,279,4,low,F,5,1836
F,Road,4,5,216,3,medium,F,7,5891
C,Ship,3,2,255,7,low,F,3,5936
B,Flight,3,1,177,3,low,F,9,4890
C,Ship,6,3,278,4,high,F,3,1033
A,Flight,3,5,169,3,high,F,5,5750
F,Ship,4,1,272,2,low,M,2,5022
A,Ship,2,1,257,2,low,F,24,2130
D,Ship,5,2,176,4,low,M,1,5810
C,Road,4,4,170,5,low,M,5,4823
F,Ship,3,2,133,3,medium,M,10,5803
F,Ship,3,1,202,2,medium,M,62,3398
D,Road,5,4,269,3,medium,M,15,2522
C,Ship,3,2,151,3,low,M,40,1173
F,Flight,3,1,135,3,low,M,9,4511
C,Flight,5,3,234,2,low,F,55,3308
D,Ship,2,1,127,3,low,F,15,1522
B,Ship,4,2,266,3,medium,M,7,5121
A,Flight,3,5,265,10,low,M,6,4380
F,Ship,4,5,241,4,medium,F,10,4126
F,Ship,6,5,257,4,medium,F,1,1957
F,Ship,4,2,210,3,low,F,9,4102
B,Ship,4,2,200,3,medium,M,45,2486
B,Flight,3,4,176,3,medium,F,8,1567
A,Ship,6,4,271,4,medium,M,8,1867
C,Road,4,5,189,2,low,F,15,2457
D,Road,4,4,186,2,low,F,1,4519
B,Road,5,1,109,2,high,M,23,1479
D,Ship,4,4,266,7,medium,M,3,5672
D,Ship,3,1,204,4,medium,F,6,5926
F,Road,3,4,201,10,high,F,7,4699
B,Ship,4,2,182,3,medium,M,9,5735
F,Ship,3,5,146,3,medium,F,7,4126
A,Ship,7,3,278,4,low,F,8,1909
F,Road,3,2,151,2,low,M,26,1793
F,Ship,3,3,137,3,low,F,8,4742
A,Flight,5,2,253,2,high,F,2,5643
B,Ship,3,1,258,3,medium,F,2,5828
F,Flight,6,2,271,4,low,F,2,1893
C,Road,3,5,129,3,medium,F,52,1513
B,Ship,4,1,134,2,medium,F,7,5967
C,Ship,3,3,209,3,low,M,1,5186
B,Ship,5,2,263,5,medium,F,10,1059
F,Ship,7,2,300,4,medium,M,3,1070
F,Ship,4,5,268,3,low,M,17,3085
F,Ship,6,2,285,4,medium,M,6,1016
F,Road,4,1,153,2,medium,M,9,4359
B,Flight,4,1,212,3,low,M,2,4353
D,Ship,3,1,249,2,medium,F,1,5190
C,Ship,3,1,234,3,high,F,60,2596
F,Ship,3,1,195,3,medium,F,3,5961
F,Ship,3,5,164,3,high,M,10,4639
A,Ship,6,3,281,4,medium,F,7,1599
B,Ship,5,3,226,2,high,F,2,4219
A,Ship,3,1,241,3,low,F,10,4120
B,Ship,4,2,251,2,low,F,10,4898
C,Ship,3,5,212,3,low,F,2,2456
B,Ship,2,3,239,3,high,M,1,5910
C,Ship,7,2,229,3,low,F,43,1793
B,Ship,6,3,250,2,medium,F,1,4747
F,Ship,2,2,160,6,medium,F,9,4972
C,Ship,5,1,217,2,medium,F,10,4264
D,Ship,3,5,156,4,medium,F,26,1769
F,Ship,4,2,201,3,medium,F,6,5616
F,Ship,2,4,245,2,medium,F,3,5850
A,Ship,4,2,245,3,low,F,5,5226
F,Road,3,3,242,2,medium,F,7,4960
A,Road,2,1,235,3,high,M,8,4522
B,Ship,3,4,250,3,low,M,6,5565
B,Flight,5,2,227,3,medium,M,2,4058
F,Ship,4,4,173,5,medium,F,2,1175
C,Ship,3,1,152,3,low,M,1,4949
F,Ship,6,3,290,4,low,M,5,1784
A,Ship,5,2,263,6,low,M,2,1851
A,Ship,5,1,133,2,medium,M,1,4643
C,Flight,4,2,237,2,medium,F,6,2965
B,Road,6,5,154,2,high,M,7,4359
C,Ship,3,1,238,3,low,M,17,2624
B,Ship,2,4,180,2,low,F,5,4010
B,Flight,3,5,230,3,high,M,4,5189
A,Ship,4,1,214,5,medium,M,51,2669
A,Road,4,5,277,5,medium,F,32,1055
D,Ship,4,2,260,3,medium,F,3,4661
B,Road,5,4,199,5,medium,F,6,4417
F,Ship,4,4,149,2,medium,F,9,4605
F,Flight,5,1,226,4,high,F,2,5600
A,Road,4,1,166,2,low,F,6,5737
C,Ship,6,5,211,4,medium,F,4,4032
F,Ship,4,1,209,4,medium,F,1,5057
B,Ship,5,2,249,5,low,F,8,1018
C,Flight,4,5,176,2,low,F,1,4155
B,Road,5,1,241,5,low,F,1,1146
B,Ship,3,5,212,3,medium,M,7,4411
F,Road,6,5,286,4,low,F,31,3774
C,Road,5,5,244,5,low,M,5,1787
D,Ship,3,2,145,2,low,F,44,1212
C,Ship,3,3,154,2,low,F,57,1096
C,Ship,3,2,243,3,medium,F,8,4093
F,Ship,3,5,151,2,low,M,3,5039
C,Flight,4,3,241,2,medium,F,4,5942
F,Road,4,3,173,3,low,M,4,4793
B,Ship,4,3,275,5,medium,M,5,1329
A,Ship,2,5,271,3,low,M,9,4185
F,Road,4,5,201,10,low,F,7,5340
C,Ship,3,2,154,2,medium,M,4,5864
C,Ship,5,5,226,4,low,F,10,5676
A,Ship,4,1,226,5,medium,M,6,1510
D,Ship,4,1,226,5,medium,F,2,1912
C,Ship,3,5,275,4,medium,M,10,5066
F,Ship,5,1,103,5,low,M,3,4966
F,Ship,5,4,183,2,low,F,36,3819
C,Ship,3,2,135,7,medium,F,5,4716
C,Flight,3,3,123,5,medium,F,5,4292
A,Road,4,2,172,2,low,M,23,1019
B,Ship,3,2,294,4,low,F,15,1318
F,Road,5,2,254,6,low,F,5,1951
C,Ship,6,2,257,4,medium,M,1,1513
C,Ship,3,3,205,5,medium,M,35,2988
F,Road,4,3,240,2,medium,F,2,5588
A,Ship,6,5,243,3,medium,F,35,2374
F,Flight,3,3,157,4,low,M,7,5974
B,Flight,4,3,258,3,medium,M,58,2579
F,Ship,4,4,176,4,high,F,63,1293
F,Flight,3,4,212,3,low,F,8,5214
F,Flight,3,4,143,3,low,M,10,5261
A,Road,4,3,218,4,low,F,50,3990
D,Ship,4,5,238,3,high,F,55,3257
D,Flight,3,3,185,2,low,M,4,4746
D,Ship,3,3,211,4,high,F,22,2942
A,Road,4,4,148,3,medium,F,5,4892
F,Ship,4,2,255,3,low,F,8,5865
C,Ship,4,3,213,3,medium,M,57,3599
C,Ship,2,1,210,2,medium,F,6,5250
B,Road,5,3,241,2,medium,M,5,5666
F,Ship,3,1,180,3,low,F,10,5633
A,Ship,5,1,236,6,medium,F,4,1705
F,Ship,4,3,232,5,medium,F,8,1265
C,Road,4,2,221,2,medium,M,54,3065
D,Ship,4,2,274,3,medium,F,7,4477
C,Road,4,4,205,3,low,M,6,4254
B,Ship,3,3,264,3,low,M,3,4970
F,Road,5,4,251,2,low,F,3,5347
F,Ship,3,1,241,3,medium,M,9,5184
D,Ship,6,5,278,5,medium,F,2,4361
D,Ship,3,2,219,3,medium,M,1,4918
F,Ship,5,4,256,5,low,M,6,1551
F,Ship,2,4,162,3,high,F,2,5893
F,Ship,3,1,252,3,high,F,6,5101
D,Road,4,4,212,2,medium,M,8,4239
A,Flight,3,3,217,2,high,F,9,5554
A,Ship,4,2,270,5,low,F,10,1340
C,Ship,5,2,134,4,low,M,5,5090
A,Road,4,4,128,6,medium,F,3,5459
F,Road,4,4,197,5,low,M,8,4793
F,Flight,4,2,245,5,low,M,8,1122
C,Ship,3,3,242,2,low,F,7,4501
C,Ship,3,2,177,3,low,F,5,5941
F,Ship,4,4,185,3,medium,M,9,4469
A,Ship,5,2,229,2,medium,M,1,5724
D,Ship,3,2,191,2,medium,M,7,5357
A,Road,3,1,226,3,low,F,8,4002
C,Ship,5,3,156,3,low,F,6,5231
D,Ship,4,1,230,3,medium,M,40,2225
A,Ship,3,5,154,3,high,F,2,4219
A,Ship,4,2,264,3,low,M,10,5137
A,Ship,5,5,230,3,low,F,10,5163
A,Ship,4,5,252,3,medium,F,4,5017
A,Flight,3,2,264,3,medium,M,5,3861
A,Road,4,2,190,3,medium,M,7,4766
F,Flight,4,1,269,3,low,F,3,4409
C,Ship,4,2,273,2,low,F,5,5608
F,Ship,3,3,179,3,low,F,9,4459
F,Road,5,2,251,3,low,M,9,4298
C,Flight,3,4,189,2,medium,M,12,2888
F,Ship,3,3,174,3,medium,F,2,4221
D,Road,5,5,222,5,low,F,4,1311
F,Road,4,3,135,2,medium,F,37,1597
C,Ship,2,4,158,5,medium,F,2,4303
F,Flight,5,5,238,5,low,M,2,1657
C,Ship,4,5,187,2,low,M,44,3218
F,Ship,3,2,175,2,medium,F,12,1817
C,Flight,3,2,240,8,low,F,9,4908
F,Ship,6,1,306,4,low,F,4,1449
D,Ship,6,5,310,4,medium,F,10,1553
C,Ship,5,3,200,8,low,F,9,2741
B,Ship,4,1,259,3,low,M,39,2427
B,Ship,3,4,243,2,high,M,7,4024
F,Ship,4,1,208,3,medium,F,8,4890
B,Ship,5,2,132,2,medium,M,8,1665
F,Ship,4,4,232,4,low,M,27,3436
A,Ship,4,4,175,2,medium,F,7,1188
A,Flight,5,3,229,5,low,F,1,1196
F,Ship,3,5,171,3,medium,F,7,5318
C,Ship,4,4,243,3,high,F,4,5082
C,Ship,3,2,250,4,low,F,3,5449
B,Road,6,3,305,4,medium,F,9,1479
C,Road,4,5,206,3,medium,M,5,5785
C,Ship,4,2,216,3,low,F,12,2273
C,Ship,4,3,167,3,medium,M,5,5791
D,Ship,2,4,156,3,medium,F,8,5668
B,Ship,4,4,261,5,medium,F,2,1690
F,Flight,4,3,245,5,low,M,4,1470
D,Road,4,4,236,4,low,M,65,2280
D,Ship,3,2,231,3,low,M,55,3952
F,Ship,3,1,263,3,low,M,25,3689
F,Ship,5,3,253,5,low,M,6,1028
A,Ship,5,4,187,2,medium,F,10,3549
D,Road,5,2,240,7,medium,F,57,2708
F,Ship,5,5,167,8,low,M,44,1547
B,Ship,6,5,271,4,low,M,3,1710
D,Ship,3,2,205,2,low,M,6,4853
F,Ship,3,5,177,4,high,M,9,5311
B,Flight,3,5,189,2,low,M,8,4567
F,Flight,3,2,152,6,low,F,7,1674
F,Ship,5,3,226,2,high,F,6,5033
F,Flight,4,1,241,3,medium,M,6,4558
D,Flight,5,5,156,2,low,M,44,1561
D,Ship,6,1,286,7,medium,F,7,2338
A,Ship,3,2,221,2,medium,M,10,4715
C,Road,4,4,196,5,high,F,7,4622
A,Ship,6,3,259,5,medium,F,1,1271
D,Flight,4,5,185,2,low,F,4,5428
F,Road,6,3,199,4,medium,F,1,5204
D,Ship,5,1,255,3,high,M,6,4044
C,Road,4,3,225,3,low,F,62,2587
A,Flight,3,4,229,2,low,M,51,2628
A,Ship,4,3,139,3,low,M,64,1814
A,Ship,4,3,276,4,low,F,3,3889
F,Ship,5,3,254,6,low,M,7,1064
C,Road,6,2,308,5,medium,F,6,1118
F,Ship,6,1,144,4,low,F,5,5121
A,Ship,5,1,137,2,low,M,52,1012
B,Ship,5,2,225,5,low,M,5,1015
A,Ship,4,3,233,2,low,F,45,2732
F,Road,5,2,191,4,low,F,3,5578
A,Flight,5,1,222,3,high,M,21,2351
F,Ship,5,5,232,3,low,M,4,1716
A,Ship,3,3,206,3,low,F,3,5746
D,Road,6,1,246,3,medium,M,7,4733
F,Ship,2,4,159,2,low,F,17,1686
B,Road,4,1,258,3,medium,M,36,2211
C,Ship,3,1,223,4,low,M,1,4195
B,Road,2,5,111,2,low,M,4,4473
F,Road,4,3,217,6,medium,F,6,1552
B,Ship,3,5,241,4,low,F,3,5051
C,Ship,4,2,220,3,low,F,9,5896
D,Flight,5,2,132,3,medium,F,4,4475
A,Ship,5,4,203,2,high,F,2,4190
F,Ship,6,2,304,4,medium,F,10,1983
F,Ship,4,1,152,3,low,M,4,5299
A,Flight,3,4,120,4,high,M,10,5537
A,Flight,4,3,159,3,low,M,33,1330
F,Ship,3,1,192,3,low,F,9,5004
B,Ship,5,2,214,6,low,F,3,3234
C,Ship,6,5,229,8,medium,F,2,4271
F,Flight,5,4,206,3,low,M,53,2182
B,Ship,6,3,280,3,low,M,7,4620
A,Ship,6,4,306,4,low,F,6,1461
B,Flight,3,4,184,3,low,F,2,4875
D,Flight,6,4,190,3,low,M,7,3175
F,Ship,5,1,167,3,low,M,9,4660
A,Ship,4,5,252,2,low,F,9,4157
F,Ship,4,4,175,3,low,M,8,5944
F,Flight,4,1,214,5,medium,F,6,4573
A,Ship,4,2,262,2,low,F,37,3523
A,Flight,3,4,150,3,low,F,11,1861
B,Flight,4,3,256,3,low,F,4,5068
D,Ship,3,5,194,3,medium,F,10,2277
F,Ship,4,3,235,3,medium,F,4,5748
D,Ship,3,4,246,3,high,F,1,4273
C,Ship,5,2,243,2,medium,M,58,2758
D,Ship,5,5,240,6,low,F,10,1986
B,Ship,4,4,209,8,medium,F,46,3345
B,Flight,4,1,269,3,medium,F,23,3652
A,Ship,3,3,239,2,medium,F,2,5625
B,Ship,4,1,166,5,low,F,1,5463
F,Ship,4,4,170,3,low,M,29,1188
A,Flight,5,2,184,4,low,M,6,4155
B,Ship,5,1,232,3,low,F,10,1014
F,Ship,3,1,269,8,medium,F,4,4290
B,Ship,6,2,310,4,medium,F,5,1791
F,Flight,3,4,171,3,medium,F,5,4310
F,Flight,4,4,261,3,medium,M,2,4140
A,Ship,3,1,146,2,medium,F,8,5375
D,Ship,4,3,148,2,low,M,29,1809
D,Road,4,2,269,2,medium,F,2,4013
B,Flight,4,1,254,7,low,M,5,4104
D,Road,4,3,258,2,low,F,2,4308
C,Flight,6,2,118,2,low,M,40,1014
A,Ship,4,5,255,4,low,M,14,3099
C,Ship,4,5,264,3,medium,M,16,2245
F,Ship,5,3,139,2,medium,F,3,5261
F,Road,3,3,249,2,medium,M,53,2323
A,Ship,3,1,133,3,medium,F,5,4538
A,Ship,5,3,270,5,medium,F,8,1862
B,Ship,4,2,197,2,medium,M,3,4715
B,Ship,4,3,259,3,high,M,45,3761
C,Ship,3,1,225,2,high,M,6,5274
F,Ship,3,5,268,3,low,F,6,5603
D,Ship,4,4,156,3,low,M,20,1523
A,Road,4,1,174,3,low,M,7,4813
F,Ship,4,4,177,7,low,F,3,5646
F,Ship,4,4,229,6,medium,F,8,1175
C,Ship,3,1,150,2,low,F,6,5355
A,Ship,5,1,200,8,low,F,18,3806
D,Ship,3,2,255,4,low,F,8,5511
A,Road,5,4,171,4,low,M,7,5359
F,Ship,3,3,246,4,low,F,3,4316
F,Ship,2,4,154,3,medium,F,48,7684
D,Ship,3,1,175,3,medium,M,1,4872
B,Ship,3,4,160,3,medium,M,3,5662
C,Road,3,5,272,3,medium,M,48,3780
F,Flight,4,4,225,5,low,F,1,1476
F,Ship,2,5,228,3,low,M,8,5643
F,Flight,6,4,224,5,medium,M,10,5602
D,Ship,5,1,285,4,medium,F,10,1428
C,Road,4,5,162,2,medium,M,62,1650
B,Road,6,4,298,4,medium,F,8,1437
D,Ship,5,1,224,3,low,M,7,5870
B,Flight,3,5,222,3,low,F,10,5185
B,Ship,3,2,137,3,medium,F,9,1347
D,Ship,3,2,182,2,low,M,10,4391
F,Flight,4,1,150,6,medium,F,42,1070
A,Road,3,1,146,5,low,M,10,1737
F,Ship,3,4,245,4,low,M,9,4139
A,Ship,3,2,250,3,medium,M,6,4636
B,Ship,6,4,288,4,medium,F,9,1575
F,Flight,4,4,207,3,low,M,20,2637
A,Road,2,2,134,3,low,F,38,1530
D,Ship,6,1,254,4,low,F,2,1071
F,Flight,3,5,177,2,low,F,2,4906
B,Ship,3,1,177,3,medium,M,61,1880
D,Road,2,4,101,6,low,F,6,5080
F,Ship,5,1,208,2,low,F,8,5218
B,Ship,2,5,211,3,low,M,3,1368
C,Ship,3,3,221,3,low,F,5,4388
C,Road,3,1,209,3,low,F,20,3181
A,Road,5,1,268,5,medium,M,1,4704
C,Road,6,2,286,4,low,F,5,1248
D,Ship,2,4,172,5,low,M,4,4668
F,Road,5,2,198,3,low,F,8,4680
B,Ship,3,2,177,3,low,F,9,5427
F,Road,3,4,218,3,medium,F,4,3534
C,Road,3,3,168,2,low,F,9,4608
F,Road,3,1,119,2,low,F,10,4146
F,Ship,4,1,163,2,low,F,3,4099
C,Ship,3,1,199,2,medium,F,18,3346
F,Ship,3,1,150,2,medium,F,46,1431
D,Ship,3,3,241,5,low,M,8,2182
D,Ship,6,3,278,4,low,F,9,1368
D,Road,4,5,142,2,low,M,2,4472
B,Ship,3,1,200,2,low,F,44,2651
D,Road,4,2,245,3,medium,F,2,4835
A,Road,6,3,236,3,medium,M,6,2639
F,Ship,3,3,172,6,medium,F,5,5366
F,Road,5,2,171,3,low,M,6,4656
F,Ship,2,5,275,2,low,M,41,2546
F,Ship,6,5,261,5,low,M,1,5442
F,Road,5,1,162,3,low,F,4,5869
D,Ship,3,1,138,5,medium,F,8,1349
F,Road,3,2,226,2,medium,M,45,1446
D,Ship,5,1,181,4,medium,F,4,5505
F,Flight,4,4,197,3,low,F,29,2915
A,Ship,6,5,268,4,medium,M,2,1462
A,Flight,3,1,153,3,low,M,9,4404
F,Ship,2,3,264,2,low,F,63,2896
F,Ship,4,1,165,3,medium,M,51,1293
A,Road,4,1,204,6,low,M,1,4943
B,Flight,2,1,271,3,low,M,1,4537
C,Ship,6,5,305,4,medium,F,9,1072
D,Ship,6,2,260,4,low,F,8,1522
D,Ship,4,5,147,2,medium,F,19,1940
A,Road,5,4,230,2,medium,F,48,3743
C,Ship,2,5,241,3,medium,F,3,4253
F,Ship,5,4,225,2,low,M,8,4725
B,Flight,4,4,137,2,medium,M,37,1447
D,Ship,4,5,226,5,medium,M,8,1133
A,Ship,3,3,175,3,high,F,55,1229
B,Flight,3,1,211,2,low,F,45,3332
C,Road,5,1,219,6,low,F,2,1650
C,Ship,7,4,290,4,low,F,10,1886
D,Road,5,4,200,3,medium,M,3,4225
B,Ship,3,5,186,2,medium,M,8,5924
F,Road,3,4,284,10,low,M,8,4562
D,Ship,5,1,237,5,medium,F,8,1150
F,Ship,3,2,210,3,medium,F,43,2096
A,Ship,5,4,226,5,medium,F,4,1518
F,Ship,5,3,255,4,low,F,5,5870
B,Ship,4,5,218,6,low,M,5,4364
F,Ship,5,5,276,4,low,F,7,1742
F,Ship,4,2,263,3,medium,M,4,4935
B,Ship,2,3,226,3,medium,M,8,5106
C,Ship,4,4,239,5,low,M,6,1986
F,Ship,5,4,135,2,medium,F,20,1908
A,Ship,4,3,196,3,medium,F,8,5541
C,Ship,4,3,229,2,medium,F,8,5868
F,Ship,5,5,270,3,low,F,9,5807
C,Ship,5,4,228,3,medium,M,20,3382
F,Flight,2,5,166,3,medium,M,3,1832
B,Flight,6,3,247,4,medium,F,4,1476
F,Ship,6,2,247,4,low,F,3,1752
C,Ship,2,3,158,2,medium,F,36,1788
F,Flight,4,4,213,4,low,M,2,5857
F,Road,6,5,246,4,medium,M,2,1581
D,Ship,3,1,133,3,low,F,10,5640
C,Ship,4,4,161,3,low,M,2,5257
D,Road,3,3,213,2,low,M,10,5495
F,Ship,3,4,269,2,low,F,8,5294
D,Ship,5,2,226,6,low,F,5,1981
F,Road,3,5,195,3,medium,F,10,5585
A,Flight,5,5,248,5,medium,M,8,1881
A,Road,2,5,273,2,high,M,5,4236
D,Ship,3,5,266,3,medium,M,16,2334
B,Flight,6,5,212,2,low,F,5,4804
A,Ship,4,5,178,3,high,M,22,1907
B,Ship,3,3,219,3,medium,F,17,3387
C,Ship,5,1,195,3,low,M,37,3690
A,Ship,5,1,237,5,medium,F,2,1429
F,Flight,4,5,137,4,high,M,29,1262
C,Ship,4,3,247,10,high,M,10,5644
F,Ship,5,2,105,4,high,M,1,1622
F,Ship,5,3,264,2,low,F,61,2025
D,Ship,4,3,143,2,medium,F,64,1910
D,Ship,3,5,211,2,medium,F,9,4577
A,Road,3,4,195,3,medium,M,10,2021
A,Flight,4,4,270,3,low,M,12,3279
F,Road,3,2,236,3,medium,M,8,5783
F,Ship,6,2,191,5,low,M,1,4314
F,Ship,5,4,254,6,low,M,4,1850
F,Ship,5,1,212,3,low,F,11,2073
C,Ship,4,1,252,3,medium,M,4,5540
F,Ship,6,5,215,4,medium,M,5,5409
C,Ship,4,3,216,4,medium,M,3,4750
F,Ship,4,1,235,5,low,M,9,1821
D,Road,4,3,164,3,low,M,28,1880
A,Ship,4,1,251,2,low,F,2,4839
A,Ship,5,1,267,5,medium,F,10,1818
F,Road,4,1,241,3,low,M,6,5836
D,Ship,4,5,254,3,medium,F,10,4148
F,Road,4,3,144,3,low,F,7,5496
C,Road,2,5,168,3,low,M,37,1717
F,Ship,4,3,190,2,low,F,7,5834
A,Ship,2,3,274,4,medium,F,10,4798
F,Ship,5,4,222,3,low,M,7,5340
A,Ship,4,5,137,2,low,M,6,4055
D,Ship,6,4,293,6,low,F,7,1117
C,Ship,3,5,156,8,medium,F,9,4733
F,Ship,3,2,209,3,medium,M,54,3001
A,Ship,4,5,159,5,low,F,7,4063
A,Ship,3,3,195,3,low,M,1,4224
C,Ship,5,5,270,5,low,M,5,1852
B,Ship,5,3,192,3,medium,F,6,4037
A,Ship,3,1,183,2,low,M,5,5329
D,Flight,2,1,203,3,medium,M,6,4234
F,Ship,4,5,145,3,medium,M,45,1059
F,Ship,4,4,158,2,medium,M,15,1030
B,Flight,5,3,232,5,low,F,1,1835
D,Ship,6,1,280,4,medium,M,5,1431
A,Ship,6,4,168,2,high,M,6,5686
B,Road,4,5,210,4,low,M,3,5432
D,Ship,4,4,218,2,low,M,9,5637
F,Ship,3,4,251,10,medium,F,2,4336
B,Road,6,3,274,6,medium,F,1,4632
F,Ship,5,2,274,6,medium,M,2,1748
A,Road,2,1,258,5,low,F,9,1548
F,Ship,5,5,231,7,high,M,6,5755
B,Ship,4,4,205,4,medium,F,2,4690
D,Ship,3,5,218,2,low,M,4,5142
A,Ship,6,1,265,4,low,F,1,1345
B,Ship,5,2,199,4,low,F,59,2885
B,Ship,4,4,202,3,medium,M,2,4299
C,Ship,3,5,218,2,medium,F,6,4072
F,Ship,4,3,175,4,medium,F,5,5177
F,Flight,3,3,165,3,high,M,35,1459
B,Ship,6,3,310,5,low,M,6,1139
D,Road,3,3,189,3,high,M,9,4278
F,Ship,5,2,196,3,medium,F,6,4257
D,Road,3,2,125,3,medium,F,12,1212
A,Ship,3,4,196,4,low,F,4,5031
C,Ship,3,5,196,3,low,M,1,5303
F,Ship,5,3,197,2,low,F,48,2481
F,Road,5,2,237,4,low,F,9,5922
B,Road,3,2,243,2,low,F,5,4769
F,Ship,3,4,155,2,low,F,37,1780
F,Ship,4,3,274,3,medium,F,8,4276
F,Flight,3,2,210,3,low,F,9,4731
A,Ship,4,4,255,3,high,F,3,5616
F,Flight,3,2,115,3,low,F,27,1814
B,Ship,3,5,202,2,medium,F,8,4552
F,Flight,4,2,139,4,low,F,41,1511
B,Ship,6,1,214,2,low,M,5,4708
B,Ship,3,4,226,3,medium,F,26,2299
F,Ship,5,1,259,3,low,M,1,5725
A,Road,5,3,174,3,medium,F,7,5510
B,Ship,4,2,263,3,low,F,7,5395
D,Ship,3,1,227,3,medium,M,52,3336
D,Ship,3,4,246,3,low,M,1,4020
F,Ship,5,5,257,5,medium,F,6,1101
F,Flight,3,3,201,3,low,M,9,5895
C,Ship,4,2,204,3,medium,F,3,4001
B,Ship,4,5,219,3,medium,M,8,4605
F,Ship,3,4,213,3,high,F,4,5996
F,Flight,5,4,220,2,medium,M,8,5073
F,Road,5,2,224,2,medium,F,10,5674
D,Ship,4,2,161,4,low,F,10,5322
A,Road,3,2,237,2,high,M,26,3103
D,Flight,4,3,247,4,low,F,19,3838
D,Ship,3,3,217,3,low,F,6,4887
F,Flight,4,3,182,3,high,F,3,5624
B,Ship,6,3,304,5,medium,F,10,1254
D,Ship,3,1,156,3,medium,M,9,4278
B,Road,4,5,164,3,high,M,7,4657
B,Ship,3,5,208,3,low,F,41,3977
B,Ship,4,3,153,3,medium,M,2,1095
B,Ship,4,1,219,3,low,F,5,5632
F,Flight,4,2,270,3,medium,F,4,5566
C,Ship,4,2,245,2,low,M,8,5871
C,Road,6,4,294,3,medium,M,7,1455
C,Flight,3,5,229,6,medium,M,22,2717
D,Flight,2,1,158,3,medium,F,51,1540
B,Ship,3,4,175,3,low,M,6,5503
A,Ship,2,1,104,7,low,M,30,1870
F,Flight,4,4,258,2,medium,F,5,4363
F,Flight,3,5,207,4,low,M,10,4092
F,Ship,6,5,298,4,medium,F,8,1759
F,Ship,5,1,242,5,medium,M,8,1382
F,Flight,3,5,184,3,medium,M,1,4161
F,Road,5,2,274,2,low,F,5,4154
A,Ship,2,5,192,6,low,F,41,2673
C,Ship,4,3,279,6,medium,M,2,5405
D,Ship,3,2,177,4,low,F,3,5527
F,Ship,6,3,161,4,medium,M,8,1247
F,Ship,4,4,170,4,low,M,5,4574
B,Ship,4,2,254,10,high,M,7,5820
A,Flight,5,2,248,3,medium,M,5,5946
B,Road,5,5,184,3,low,F,2,5800
A,Road,4,4,235,3,low,F,17,3715
C,Flight,4,1,156,2,medium,M,4,5225
F,Ship,5,1,180,2,low,M,35,1204
A,Ship,5,4,134,2,low,F,20,1549
C,Ship,3,4,255,3,medium,F,10,5291
C,Flight,5,1,158,4,medium,F,4,5687
F,Ship,3,3,170,3,low,F,7,5427
D,Ship,5,5,209,2,low,F,3,4348
C,Ship,5,4,199,4,low,M,24,3443
D,Ship,6,5,263,7,high,M,7,5216
F,Flight,4,3,178,3,medium,M,3,5669
B,Ship,3,3,228,3,medium,F,8,4927
D,Ship,4,1,258,3,low,F,10,4906
F,Road,4,4,269,5,medium,F,2,1473
C,Ship,4,2,275,3,medium,M,26,2449
D,Road,3,2,267,5,low,F,48,2622
B,Ship,3,1,210,2,low,M,9,5932
F,Ship,5,5,206,3,low,M,1,5520
C,Ship,4,2,274,2,medium,M,55,3416
F,Flight,4,1,259,7,medium,F,4,5102
F,Ship,4,2,96,3,low,M,22,1294
A,Ship,5,2,145,3,medium,M,2,4836
D,Flight,4,2,177,3,low,F,44,1233
F,Flight,3,5,125,2,low,M,5,4933
F,Ship,4,1,151,2,medium,M,6,1114
B,Road,3,5,193,3,medium,M,1,5810
F,Ship,5,1,161,3,low,M,47,1954
F,Ship,4,5,263,2,low,M,62,2267
B,Ship,4,2,274,2,low,M,10,4361
B,Flight,3,4,184,4,medium,M,2,4052
F,Flight,4,4,265,2,medium,F,9,4106
D,Ship,7,4,309,4,low,M,7,1880
B,Ship,3,4,133,4,low,F,10,4571
D,Flight,3,3,203,3,medium,M,7,4977
B,Ship,3,4,178,8,medium,F,6,4146
B,Ship,4,4,275,3,low,M,10,5674
D,Ship,3,1,153,3,low,M,10,5121
F,Ship,3,2,156,7,medium,F,9,5313
C,Ship,4,5,209,2,low,F,8,4047
F,Ship,5,3,154,2,medium,M,8,4006
D,Flight,3,3,196,4,low,F,9,5631
F,Ship,3,2,113,5,medium,M,1,5993
B,Ship,5,2,174,2,medium,M,54,1091
B,Ship,4,3,173,2,low,F,10,1179
F,Flight,5,3,245,5,medium,M,3,1851
B,Ship,4,4,263,2,medium,F,41,3955
A,Ship,5,2,150,3,medium,F,7,5980
C,Ship,2,4,120,2,medium,M,13,1240
A,Ship,5,1,233,3,low,M,10,5289
D,Road,3,3,158,3,low,F,2,5205
C,Ship,3,1,238,2,low,M,9,5158
C,Flight,2,2,242,3,high,M,9,4717
D,Ship,4,1,139,3,low,F,25,1152
C,Ship,4,4,155,2,medium,F,9,4932
D,Ship,7,5,288,4,low,F,1,1269
C,Ship,5,5,261,8,medium,M,39,2103
F,Ship,4,5,265,2,low,F,6,4660
F,Road,4,2,206,2,medium,M,5,4635
B,Flight,2,1,220,2,medium,F,6,4382
D,Ship,4,1,196,2,low,M,3,4752
A,Ship,3,4,121,3,low,F,63,1611
C,Ship,4,1,257,4,low,M,5,5875
F,Ship,3,2,199,3,medium,F,10,5768
F,Road,3,2,185,4,low,F,8,5545
F,Flight,4,1,173,3,high,M,1,5749
D,Ship,3,3,233,3,low,F,5,4976
F,Flight,4,2,186,2,low,M,2,5604
F,Ship,6,5,185,3,high,F,1,5399
A,Ship,4,1,235,4,low,M,22,2066
B,Road,5,3,239,5,medium,F,19,2988
F,Ship,3,2,207,2,low,M,9,4671
D,Ship,3,2,141,2,medium,F,7,5231
A,Ship,2,5,265,2,low,F,50,3859
F,Ship,4,1,245,5,medium,M,1,1472
F,Road,6,4,287,4,medium,F,10,1811
C,Flight,6,1,215,4,low,M,1,4581
A,Road,3,1,197,2,low,M,4,3621
D,Flight,3,2,168,4,low,F,1,4184
A,Ship,4,5,215,2,medium,F,34,2258
A,Ship,2,5,247,4,medium,M,4,5255
C,Ship,4,5,262,3,medium,F,38,3139
D,Ship,3,4,211,3,low,M,56,3654
A,Flight,2,2,204,4,high,M,5,5382
F,Flight,2,3,223,3,low,F,9,5653
F,Flight,5,4,235,5,low,F,8,1549
D,Ship,4,1,245,3,low,F,5,4523
C,Ship,4,2,238,2,high,M,17,3358
D,Ship,4,4,167,4,low,M,2,5908
A,Ship,4,1,256,3,low,M,6,5818
D,Flight,6,1,231,4,medium,F,23,2455
B,Ship,6,4,227,5,medium,F,8,4388
F,Ship,3,2,201,3,medium,M,5,2040
F,Road,5,1,143,3,low,M,5,5146
B,Ship,6,5,194,5,low,F,8,4777
F,Ship,5,5,137,3,low,M,5,5914
B,Ship,4,4,240,3,low,F,62,3478
A,Ship,2,2,251,6,medium,F,1,4165
A,Road,4,2,233,7,medium,F,5,5361
F,Road,4,2,189,10,medium,F,5,5470
A,Road,4,5,266,3,medium,M,5,3718
B,Road,5,5,168,3,low,M,6,4096
B,Ship,3,3,150,2,medium,M,6,4170
F,Road,4,5,135,2,high,F,22,1195
F,Ship,5,3,242,5,low,F,6,1681
C,Road,4,3,180,3,low,M,7,5718
F,Ship,4,5,254,10,high,M,7,5524
D,Ship,4,3,156,3,medium,F,8,4701
D,Ship,4,4,199,2,medium,M,25,3705
B,Flight,6,3,154,2,high,M,7,4732
A,Flight,5,2,241,2,medium,M,9,4965
C,Ship,4,3,266,3,medium,M,8,4493
F,Ship,5,1,144,4,low,M,37,1658
C,Ship,3,1,164,3,medium,F,9,1803
F,Ship,5,1,245,3,low,M,6,4343
D,Ship,4,1,216,6,low,M,9,1678
B,Ship,6,4,279,4,low,F,1,1246
A,Ship,4,5,233,4,low,F,6,4652
C,Ship,3,3,204,2,medium,M,6,5612
B,Ship,3,3,138,4,low,M,56,1440
F,Ship,5,4,153,3,low,M,5,4711
D,Flight,4,1,249,5,low,M,9,4396
B,Ship,4,5,207,2,low,F,3,5270
C,Ship,3,1,220,3,medium,F,6,5319
C,Ship,3,5,183,2,low,M,8,5881
C,Ship,6,1,123,5,medium,M,5,5323
D,Ship,4,5,195,5,medium,F,10,3537
A,Flight,4,5,196,5,low,F,2,5840
D,Flight,4,5,229,3,medium,M,21,2688
D,Ship,4,4,239,3,medium,F,7,5297
F,Flight,6,3,178,5,low,F,5,4567
C,Flight,5,3,167,2,low,M,3,1140
D,Flight,7,2,279,4,medium,F,1,1480
F,Ship,4,4,261,2,medium,F,9,5306
F,Road,5,2,202,3,medium,M,34,3885
C,Ship,3,2,201,3,medium,M,7,4890
D,Ship,6,2,173,3,medium,F,4,5970
C,Ship,3,3,241,2,high,M,2,4836
D,Ship,3,4,240,3,high,F,6,4412
F,Ship,3,2,167,2,low,M,3,4722
B,Road,4,1,139,8,medium,M,6,5667
F,Ship,5,5,171,3,low,M,8,4227
F,Ship,4,3,195,2,low,M,8,4576
F,Ship,3,2,160,3,low,F,4,4683
F,Ship,5,5,269,5,low,F,6,1630
F,Ship,4,2,194,8,medium,M,10,5995
F,Road,4,3,158,3,high,F,5,5602
B,Flight,5,1,236,5,low,M,8,1441
F,Ship,3,4,260,4,medium,M,10,5425
B,Flight,2,1,168,4,low,M,6,4800
F,Ship,3,2,143,4,medium,F,7,4486
B,Ship,5,2,268,3,low,M,19,2526
C,Ship,3,5,141,3,medium,M,10,5775
A,Ship,3,4,98,2,low,F,32,1539
B,Ship,6,1,283,5,low,F,9,1311
C,Flight,4,1,223,3,low,F,8,4974
D,Ship,6,5,250,2,low,F,7,4724
C,Flight,3,2,251,2,medium,F,4,4074
D,Ship,3,4,223,3,low,F,7,5336
A,Ship,3,5,251,2,high,M,23,2426
C,Flight,3,1,185,2,medium,F,9,4316
B,Ship,3,2,253,2,low,M,8,5608
B,Road,5,2,137,3,medium,M,47,1023
F,Ship,4,1,164,4,medium,M,3,5318
F,Ship,3,2,222,2,medium,M,1,4021
A,Ship,4,3,183,2,medium,F,8,5690
F,Ship,5,2,211,2,medium,F,2,5077
D,Road,4,4,196,2,low,F,6,2718
C,Flight,4,4,140,3,medium,F,4,1467
F,Flight,7,5,254,4,medium,F,6,1014
A,Flight,3,1,104,4,low,F,9,5211
F,Ship,5,3,242,5,medium,F,5,1820
D,Road,3,3,218,2,medium,M,9,2069
F,Road,5,3,232,7,medium,M,6,5285
B,Ship,4,2,173,3,medium,F,63,1220
D,Ship,3,4,181,3,high,F,9,5470
F,Ship,6,5,135,5,low,M,55,1078
B,Flight,4,4,248,5,medium,M,2,1651
A,Ship,3,4,157,3,low,F,32,1370
A,Ship,4,2,228,5,low,F,3,1473
D,Ship,3,2,225,3,high,M,5,4304
F,Flight,4,5,157,4,medium,F,12,1038
D,Road,4,4,231,2,low,F,4,5825
D,Ship,3,5,137,4,high,F,62,1477
F,Road,4,3,209,3,medium,M,7,4104
D,Flight,4,4,156,2,medium,F,7,5938
D,Ship,4,2,225,2,medium,M,7,5241
D,Ship,3,2,245,2,low,F,7,4692
F,Ship,4,1,261,4,medium,F,10,4632
A,Ship,4,2,252,3,medium,F,43,3273
F,Ship,3,5,156,2,medium,F,8,5848
B,Ship,2,5,140,4,high,F,2,4636
C,Ship,4,3,244,2,low,M,10,4486
D,Ship,3,4,232,2,low,F,8,5629
A,Ship,5,1,270,5,high,F,6,1836
B,Ship,3,3,214,3,medium,F,9,5856
B,Ship,5,5,219,3,medium,M,27,3430
F,Ship,4,4,263,3,medium,M,10,4680
A,Ship,3,2,204,2,low,F,2,5033
F,Road,5,5,245,4,medium,F,12,2225
B,Flight,4,2,227,10,low,F,10,4619
A,Ship,6,4,242,3,medium,M,9,5920
A,Flight,4,2,249,6,low,F,9,1673
D,Ship,6,1,264,3,high,F,5,4435
C,Road,5,5,230,2,medium,F,36,3381
A,Ship,3,4,133,2,low,F,7,4663
A,Ship,3,2,177,4,low,F,3,4199
C,Flight,7,4,272,4,low,M,3,1805
D,Ship,3,1,294,4,low,F,25,1498
F,Ship,3,2,188,6,medium,F,1,4856
B,Ship,2,3,263,4,medium,M,9,5390
B,Road,4,5,213,3,medium,F,7,4114
A,Ship,4,2,166,3,low,M,62,1944
C,Ship,5,4,151,4,medium,M,10,1441
D,Road,4,2,149,6,low,F,6,4904
D,Flight,3,2,262,2,medium,M,4,5738
D,Road,5,4,228,5,low,F,9,1549
F,Ship,3,3,229,6,medium,F,61,2298
B,Road,3,5,251,2,low,F,28,3936
F,Ship,4,1,139,3,low,F,7,5317
F,Ship,6,3,165,5,medium,M,5,4871
A,Road,5,5,253,5,low,F,4,1482
A,Ship,4,3,262,3,medium,M,46,2904
B,Ship,4,1,200,2,medium,F,5,5249
B,Flight,6,5,291,4,low,M,9,1413
A,Road,3,3,99,5,medium,M,9,5470
D,Ship,4,3,172,3,medium,F,6,1261
F,Flight,5,1,149,3,low,M,40,1062
F,Flight,5,1,241,4,medium,F,19,2193
F,Ship,4,4,256,3,low,F,5,5399
F,Ship,2,3,164,2,medium,M,64,1689
F,Ship,2,2,177,4,low,M,8,5878
F,Ship,4,5,152,3,low,M,43,1709
F,Flight,5,2,156,2,medium,M,19,1311
B,Ship,4,3,99,6,medium,M,9,5903
C,Ship,4,2,237,3,low,M,2,5277
F,Ship,3,2,238,2,low,M,19,2196
A,Ship,4,3,214,2,low,M,57,2078
F,Ship,3,4,140,6,low,M,9,4558
A,Ship,3,4,195,3,medium,M,23,3499
D,Ship,2,2,182,2,medium,F,14,3751
F,Ship,5,2,224,2,medium,M,8,4047
B,Road,3,4,261,2,medium,F,1,3398
F,Ship,3,4,145,4,high,M,4,5801
F,Flight,2,4,258,3,medium,M,7,5736
F,Road,4,3,176,2,low,F,6,5149
B,Ship,6,3,270,4,low,F,7,1079
B,Flight,5,4,257,5,low,F,1,1778
C,Ship,3,5,180,4,medium,F,59,1481
A,Ship,4,3,136,3,low,F,7,5976
D,Ship,3,3,237,3,low,F,7,4062
F,Road,4,2,259,5,low,M,6,1827
C,Flight,5,1,255,5,low,M,3,1574
C,Ship,5,1,236,3,medium,F,10,1347
B,Ship,2,3,164,2,low,M,56,1491
F,Ship,6,2,137,10,low,F,4,4490
C,Ship,4,3,139,2,high,F,2,4041
A,Ship,4,2,210,3,medium,F,10,5354
F,Ship,5,4,141,4,high,F,5,5444
D,Ship,3,5,194,3,low,M,6,4295
A,Ship,6,5,212,4,medium,F,13,3676
A,Ship,4,1,223,3,low,F,9,4832
F,Road,5,5,249,4,medium,F,38,2797
C,Road,3,2,172,2,low,F,9,4532
F,Ship,5,3,123,2,low,F,30,1068
A,Ship,4,4,263,4,medium,M,7,4041
B,Ship,3,4,156,2,medium,F,10,5107
F,Ship,4,1,137,4,high,M,15,1391
B,Road,5,4,180,4,medium,F,7,4200
C,Road,5,5,128,5,low,M,34,1008
F,Ship,4,3,218,5,low,M,2,4823
F,Ship,4,5,136,3,low,F,1,4585
F,Ship,5,2,254,5,medium,F,4,1030
B,Flight,3,3,215,2,low,F,2,5661
A,Flight,5,4,172,2,low,M,5,4554
D,Ship,3,4,206,3,high,M,5,4022
F,Ship,3,1,266,3,low,M,5,5154
F,Ship,4,4,193,3,low,M,2,5975
F,Flight,5,2,205,3,medium,F,1,4351
F,Ship,2,5,264,2,low,M,9,5898
D,Ship,4,5,143,8,low,M,38,1095
A,Flight,6,3,266,4,medium,F,8,1547
B,Road,4,2,239,2,medium,F,9,4360
C,Ship,5,5,154,2,medium,M,3,4669
B,Ship,4,1,232,5,medium,F,7,1899
C,Ship,3,2,158,3,high,F,59,1307
D,Ship,6,4,276,4,low,M,4,1662
F,Ship,3,3,185,3,medium,F,10,4387
F,Ship,3,3,112,4,low,F,7,5716
B,Road,3,2,238,2,medium,F,32,3274
A,Ship,4,2,238,3,low,F,3,5265
A,Road,3,5,166,3,low,F,1,1366
C,Ship,4,1,111,4,medium,M,10,4711
F,Ship,4,5,142,4,medium,F,6,5027
A,Ship,3,5,243,3,low,M,1,4623
D,Ship,4,3,210,3,medium,M,11,2655
C,Ship,3,4,210,2,medium,M,29,3142
F,Flight,3,4,166,4,low,F,1,5533
D,Ship,4,4,161,2,medium,F,8,4348
F,Ship,4,2,175,3,medium,M,7,4874
A,Ship,3,4,178,2,low,F,35,1183
F,Road,6,5,167,3,low,F,2,5761
F,Ship,4,3,211,3,high,M,12,3922
D,Ship,4,3,170,3,medium,F,2,5330
B,Road,4,1,147,2,low,M,8,4600
F,Flight,3,2,204,2,high,M,8,4562
D,Ship,6,1,145,3,medium,F,1,4346
F,Flight,6,1,201,4,low,F,5,4592
F,Ship,5,1,262,5,low,F,5,1916
C,Ship,6,1,244,4,low,F,7,1007
D,Ship,4,5,272,2,medium,M,9,5055
C,Ship,3,5,218,4,low,M,4,5330
A,Flight,4,1,220,3,medium,F,7,4552
F,Ship,4,5,158,4,low,F,4,1595
B,Ship,3,2,138,3,medium,F,34,1159
C,Ship,4,2,247,2,medium,M,7,4955
B,Ship,4,5,214,2,low,M,3,5546
B,Road,3,5,264,6,low,M,30,2751
F,Ship,5,1,255,6,low,F,3,1014
C,Ship,4,1,238,4,low,F,22,3950
C,Ship,3,1,244,3,high,M,7,5140
C,Ship,7,4,261,5,low,M,6,1334
F,Road,4,5,234,5,low,F,1,1991
F,Flight,4,4,199,4,high,M,1,4163
F,Ship,6,5,255,4,low,F,9,1197
D,Ship,5,1,236,5,medium,M,3,1906
A,Ship,3,4,212,8,low,F,56,3337
F,Ship,6,4,304,4,low,F,2,1749
B,Ship,5,5,245,5,low,M,10,1289
C,Flight,3,3,136,2,medium,M,10,5749
A,Ship,3,5,180,3,low,M,6,1228
A,Road,2,4,198,3,low,M,37,2555
B,Ship,4,2,139,8,medium,F,2,5012
F,Ship,4,4,166,5,low,F,54,1203
F,Ship,3,1,202,3,low,F,1,3738
A,Ship,4,1,173,2,medium,M,53,1251
F,Ship,3,2,184,3,medium,F,8,4994
B,Ship,3,4,247,2,low,M,2,4975
B,Ship,4,3,210,3,medium,F,6,2568
B,Ship,4,3,175,3,low,F,2,5208
D,Road,4,4,258,7,medium,M,8,5069
B,Ship,4,5,233,4,low,F,6,4705
D,Ship,6,2,291,4,low,F,7,1046
F,Road,3,2,133,5,medium,M,9,5744
D,Ship,4,5,248,5,low,F,6,1754
F,Ship,6,1,287,4,medium,M,5,1791
A,Ship,5,3,210,2,low,M,19,3920
F,Ship,4,5,217,3,low,F,6,4848
F,Road,5,3,229,5,low,F,10,1951
F,Ship,5,2,249,3,medium,M,6,5212
B,Ship,3,2,199,3,medium,F,8,4164
B,Flight,5,5,169,4,low,F,2,4188
C,Ship,4,2,179,3,low,M,3,5284
C,Ship,3,1,193,10,high,F,1,4459
C,Ship,3,4,238,2,medium,F,1,4991
B,Ship,3,4,267,3,high,M,8,5337
F,Road,4,3,153,7,medium,F,4,4499
B,Road,3,5,166,2,medium,M,6,4523
B,Ship,4,4,162,2,medium,M,8,1386
A,Flight,5,1,267,5,low,F,4,1097
A,Ship,3,1,135,4,medium,M,47,1840
A,Ship,6,2,142,3,low,F,54,1332
F,Flight,4,2,182,3,medium,M,14,3413
F,Flight,3,5,261,3,low,F,10,4224
D,Ship,4,5,212,2,medium,M,10,4552
A,Ship,3,4,165,3,high,M,10,4910
B,Flight,4,2,273,5,medium,F,6,2126
B,Ship,4,4,246,2,medium,F,2,4633
C,Ship,4,3,185,5,low,F,9,5648
A,Ship,4,1,226,5,medium,M,6,1723
F,Ship,5,3,186,4,low,M,23,3981
F,Road,3,2,257,3,low,F,25,2334
C,Ship,5,1,151,3,low,F,9,4895
A,Ship,2,1,255,3,medium,F,1,5929
F,Flight,5,2,226,3,medium,F,1,5451
F,Ship,2,2,240,3,low,M,53,2980
B,Road,4,2,222,3,low,M,4,5919
D,Ship,3,2,223,3,medium,F,6,2127
F,Flight,5,2,231,2,medium,F,55,3894
D,Road,2,1,157,3,low,M,58,1930
A,Ship,3,1,178,5,low,F,15,1242
F,Ship,5,1,172,2,high,F,7,5165
D,Ship,3,2,198,2,medium,M,8,5889
D,Ship,3,5,232,3,low,M,10,5333
C,Ship,4,3,160,2,low,M,9,5940
C,Ship,3,3,142,6,medium,F,2,5748
C,Road,4,3,135,2,high,M,24,1292
A,Ship,5,2,198,3,low,F,44,3706
C,Road,4,4,141,3,low,M,10,4289
C,Ship,4,5,151,4,medium,M,3,5470
F,Road,4,1,169,4,low,M,1,5323
C,Ship,5,5,249,3,low,M,1,4274
A,Ship,4,1,260,2,medium,F,2,4529
A,Road,3,4,165,3,low,F,4,4482
F,Ship,3,4,141,3,medium,M,2,5512
F,Ship,6,3,136,3,low,F,10,1826
B,Ship,3,4,194,3,medium,M,3,2169
A,Flight,6,5,250,4,low,M,8,1689
A,Ship,3,3,238,3,low,F,61,3096
B,Ship,6,3,282,4,medium,M,3,1661
A,Ship,4,2,149,3,medium,M,26,1863
F,Road,4,5,246,2,medium,M,31,2415
D,Ship,3,1,221,4,medium,F,8,5971
F,Ship,4,5,196,4,low,M,10,1694
D,Ship,4,3,246,5,low,M,5,1395
C,Ship,3,5,265,4,low,F,8,5087
D,Ship,3,5,270,6,medium,F,9,4195
A,Ship,3,5,233,2,medium,M,1,4913
D,Ship,3,3,143,3,medium,M,23,1281
C,Ship,7,1,285,4,low,M,2,1516
A,Ship,3,5,259,3,low,F,10,5978
C,Ship,2,3,157,2,low,M,45,1965
D,Ship,4,2,223,5,medium,F,8,1559
B,Ship,2,2,101,5,medium,F,6,4196
F,Road,4,1,232,3,medium,M,55,2686
A,Ship,4,3,192,4,low,F,2,1830
A,Ship,5,1,254,6,low,M,1,1021
F,Ship,3,5,115,2,low,M,10,4200
A,Ship,4,1,197,2,low,F,2,5685
F,Road,6,4,256,4,low,F,2,1752
F,Ship,4,4,192,2,low,M,7,4151
C,Ship,2,4,221,3,low,F,3,4076
F,Ship,3,2,169,2,low,M,6,4033
D,Ship,5,4,222,3,medium,F,10,4663
C,Flight,4,1,273,3,medium,M,5,5055
C,Ship,4,3,223,3,medium,F,7,5935
B,Flight,4,5,195,3,medium,M,7,4835
B,Ship,4,2,252,3,medium,M,2,5769
F,Ship,4,2,157,3,low,F,48,1393
C,Ship,5,2,230,2,medium,M,9,4483
C,Flight,3,3,197,3,medium,M,8,4568
A,Flight,4,5,259,2,medium,M,15,2381
C,Flight,4,4,264,5,low,M,3,1782
F,Ship,5,3,201,6,low,F,3,4025
C,Ship,4,2,247,3,medium,F,64,2198
F,Ship,5,1,201,3,low,F,47,2657
D,Ship,3,1,209,3,low,F,8,4367
A,Ship,6,5,269,4,low,M,5,1264
F,Ship,2,2,274,3,high,F,60,2053
B,Ship,6,1,250,5,low,F,53,3352
B,Ship,5,3,250,5,low,M,12,2722
B,Road,5,1,236,2,low,F,2,4987
B,Ship,4,3,251,3,medium,M,5,4206
F,Ship,4,5,224,6,high,F,5,5659
F,Flight,3,5,245,4,medium,M,4,2769
A,Ship,5,4,171,3,low,F,1,5011
D,Ship,4,3,275,10,medium,M,10,2093
A,Flight,2,4,151,4,low,F,6,1803
A,Road,4,4,184,3,high,F,27,3967
D,Ship,4,1,258,4,high,F,1,5476
A,Ship,5,5,194,3,low,M,47,2256
D,Ship,5,4,168,3,low,F,13,1317
B,Ship,5,1,262,5,medium,M,4,1196
A,Road,4,1,262,6,low,F,3,1830
A,Ship,3,3,152,3,low,M,6,5749
F,Road,4,5,184,3,low,F,64,3812
D,Road,4,5,240,3,low,F,5,5734
F,Ship,4,3,263,6,medium,M,10,1345
B,Ship,5,2,239,5,medium,F,6,1365
C,Ship,5,2,160,3,high,M,3,4599
F,Road,2,4,257,6,low,M,5,3986
F,Ship,3,4,260,3,low,F,8,5215
A,Ship,4,5,205,3,low,F,60,2317
C,Ship,4,5,226,2,low,M,1,4532
C,Ship,3,2,154,10,high,F,8,5811
F,Ship,6,5,276,4,medium,F,6,1005
C,Ship,4,4,209,3,medium,M,37,3026
C,Ship,4,5,165,3,high,M,5,4735
F,Flight,4,2,257,2,high,M,3,4108
F,Ship,5,3,260,6,medium,F,10,4986
D,Ship,4,5,108,6,medium,M,46,1882
D,Ship,5,2,268,5,medium,F,2,1061
D,Ship,3,4,166,3,medium,M,43,1095
B,Ship,2,4,111,2,high,M,60,1787
F,Ship,4,1,171,2,medium,M,1,5635
D,Ship,3,4,257,2,high,M,15,3981
F,Road,3,4,233,3,medium,M,5,5306
F,Ship,3,4,228,2,medium,M,65,3943
C,Ship,3,4,181,2,medium,F,45,3448
D,Flight,6,5,299,4,low,M,2,1192
F,Flight,6,4,194,3,low,M,10,2554
F,Ship,5,2,229,3,low,M,1,5189
F,Ship,5,2,196,5,low,M,10,5111
F,Ship,3,1,183,2,low,M,58,3027
B,Ship,4,5,161,2,medium,M,55,1457
B,Flight,6,4,247,4,low,M,7,1831
B,Ship,5,1,173,2,low,F,4,4242
B,Ship,3,2,183,3,low,F,44,2896
D,Ship,5,3,209,2,high,F,49,2581
C,Ship,2,5,177,6,medium,F,41,1772
F,Ship,4,4,275,5,medium,M,5,1117
A,Ship,5,2,248,8,low,F,10,4583
F,Road,4,1,208,2,low,F,5,5707
D,Flight,5,2,215,2,medium,M,46,3942
B,Ship,4,3,245,6,low,F,3,1155
B,Ship,2,1,271,2,low,M,7,5875
D,Flight,3,4,199,3,medium,M,10,4925
B,Ship,2,2,161,3,low,F,5,5999
B,Ship,3,5,214,3,low,F,6,5319
